feature0,feature1,feature2,feature3,feature5,feature6,feature7,feature8,feature9,feature10,feature11,feature12,feature13,feature14,feature15
1.0,0.7155761344588917,0.7913170432254324,0.9996151691926537,0.9430784549117774,0.7537070838147013,0.1514522509081203,0.2905072079091407,0.9325919746794356,0.8085914608971716,0.4097055226522741,1.0,0.40022519691825553,0.6838370212981637,0.7296827134700369
1.0,0.4460923466303003,1.0,0.5564124971435783,0.7442694880888879,0.8684161751227316,0.19562219315471846,0.7671660997561396,0.9999999999999998,0.5782527194474455,1.0,0.6397478591253025,0.8489816749392218,0.6781016397755156,1.0
0.6331907256404057,0.785141694382745,0.5938431477075561,0.5470721633630855,0.9605741730985058,0.48626674658378477,0.14063696361841221,0.3129933113296107,0.650775120923305,0.5610815055340619,0.4523620615249937,1.0,0.31103219574093754,0.8005076134418441,0.30263638373737267
0.8363258534258589,0.8376372478616594,1.0,0.5519206925545472,0.6386372131826228,0.7907273627187318,0.7178700403764209,0.8797672696827064,0.6701518861235769,0.9976935974790848,0.6409025639675654,0.8723507116522535,0.34313366288909697,0.9999999999999998,0.7296827134700369
0.5451233187402219,0.6706946317860978,0.4697556805654913,0.42638464927596487,1.0,0.38964311893310055,0.19527211177248943,0.21065574696957207,0.5186277782847805,0.45824180792829217,0.3979580544279936,0.990133716837104,0.5360041171561846,0.5801315594744091,0.30263638373737267
0.678623864231944,0.29551261817153907,0.5480759379257678,1.0000000000000002,0.35482620142096755,0.6518038214123784,0.674105448928942,0.3323751127316642,0.574342333194799,0.5194832453666991,0.4391887657842908,0.8561722325753856,0.22725558862426193,0.5689278042220631,0.4491040871498052
0.8484449901849405,1.0,0.8852174125536572,0.6175936586623452,0.6674046683726075,0.812831674259761,0.627916445432115,0.5701856680577901,0.724002979790847,0.6634192944656864,0.8852530040899187,0.7472570335382893,0.5780287162436486,0.643173774895969,0.8896272260056844
0.5451233187402219,0.6153317703359429,0.0,0.5760694213991945,0.33432420398278845,0.6503400762548682,0.4927412010739365,0.0,0.6365366391798917,0.4246957627305226,0.0,0.0,0.0,0.0,0.0
0.717597367320751,0.7155761344588917,0.8621468145962017,0.6983883436529751,0.41661255574665196,0.7624578550893724,0.24055045214601578,0.7358975353805222,0.8696059011828434,0.7600029613453969,0.6598141643750779,0.5651481835070857,0.7576540040374147,0.5663201216148387,0.9275433263541737
0.0,0.0,0.5248886345923496,1.0000000000000002,0.2614813512678754,0.571515287922899,0.5621294156628116,0.4521424081958895,0.5451852214684991,0.5823020658086618,0.2652991358528317,0.7269542673620538,0.3442421527878812,0.533422401588243,0.4491040871498052
0.3096463074024022,0.29551261817153907,0.0,0.574790511972421,0.011395858200845488,0.5012396839003904,0.26240831285829347,0.0,0.5949490046512363,0.20666494548433373,0.0,0.0,0.0,0.0,0.0
0.0,0.0,0.0,0.6503875653489781,0.0,0.13934356688252614,0.7253086914642369,0.0,0.17747594340901618,0.3588974109812613,0.0,0.0,0.0,0.0,0.0
0.6987846545735357,0.8595943926623353,0.9222899260116049,0.6859180367116566,0.16657149367831134,0.8485027536670701,0.5888385298095806,0.8482171981600908,0.7707626587152487,0.756324002149298,0.7955497282676491,0.5027056709117848,0.7066360935194318,0.5858226440947131,0.9749477592533617
0.3096463074024022,0.29551261817153907,0.0,0.5580113848258695,0.32247599281526473,0.41495691154138903,0.26620867078297383,0.0,0.5106856172180743,0.0,0.0,0.0,0.0,0.0,0.0
0.3997684021488455,0.4460923466303003,0.0,0.5653055517842188,0.7552078026078395,0.3905574146755031,0.34086215295318345,0.0,0.4602195975554923,0.23866001967950018,0.0,0.0,0.0,0.0,0.0
0.3096463074024022,0.29551261817153907,0.0,0.5696122969360875,0.0,0.5093764950100043,0.39156802834659177,0.0,0.5489985826242162,0.0,0.0,0.0,0.0,0.0,0.0
0.8363258534258589,0.6706946317860978,0.8807021866779455,0.7802797841456814,0.447598560220249,0.8806472408491841,0.4269212521189907,0.5934935277698838,0.875656638912708,0.35663410532040524,1.0,0.8351682440032451,0.2915730757297909,0.7660805215937507,0.7814013379078153
0.717597367320751,0.879375948873315,0.45614036723287804,0.6590472561096519,0.16326127425581957,0.8702347199196934,0.2639308687646212,0.09700268203651535,0.9647993402099133,0.7185197960447869,0.07010316266294553,1.0,0.07721745712271672,0.4338250152646724,0.4491040871498052
0.717597367320751,0.879375948873315,0.8182739858759209,0.6467285042454973,0.4026750431146453,0.7834708392734218,0.47126689697677904,0.6347280727796212,0.7641279564270962,0.8037770716090195,0.47554226666175287,0.6722388680816378,0.5282729569845054,0.6088111467045296,0.8373680164562797
0.4601062689082746,0.544050886024838,0.0,0.5468152377047178,0.8252759146425611,0.44535418035632085,0.3915975216437612,0.0,0.4920295331697134,0.6173621011452288,0.0,0.0,0.0,0.0,0.0
0.506686058351696,0.6153317703359429,0.6733333642058408,0.683412668589078,0.9995677876038129,0.38498740092839956,0.34234155568442404,0.6035175517840357,0.4547297548714424,0.7624762913103811,0.260056935263809,0.8375401256140045,0.8028865790671589,0.7778788313703316,0.4491040871498052
0.44941210507969775,0.4460923466303003,1.0,0.6002823680665352,0.2325697016495156,0.6312052666695493,1.0,1.0,0.21135818602628487,1.0,0.387809783768638,0.18564501585642418,1.0,0.6567654167658334,1.0
0.3096463074024022,0.29551261817153907,0.6789352957978869,0.5996351278605625,0.47785648549491927,0.5039941947957635,0.7403481143804106,0.7728201769032957,0.4392055992193283,0.9202563762483946,0.12656572694397233,0.7230963095339544,0.4838073177828369,0.7879152945427335,0.4491040871498052
0.4601062689082746,0.544050886024838,0.801764448365228,0.588328149810882,0.08985436580694789,0.6482305789228844,0.7200173548248807,0.9412411961847214,0.5561529254006408,0.6404674328162463,0.7702571314697864,0.4172410889741737,0.8284274276214423,0.5699752626384573,0.8522874482379394
0.4601062689082746,0.4460923466303003,0.6096143893027239,0.650387565348978,0.3239896809450056,0.537129577504549,0.2331034029781423,0.6575635998062697,0.6451897251051169,0.8440750906238923,0.11304239988948522,0.7084304455753923,0.41027902644924324,0.6679243020235002,0.4491040871498052
0.4601062689082746,0.544050886024838,0.9176743571181243,0.4089205633854586,0.5281041534429709,0.547063751008208,0.48950625693655425,1.0,0.5481265553270452,1.0,0.3591565880800127,0.4253859453206955,1.0,0.6897485003251729,0.8896272260056844
0.3997684021488455,0.4460923466303003,0.5706343275587706,0.5664861555013406,0.5275558669071985,0.4907490827812514,0.4923604383256813,0.5524574084186638,0.4992126083756511,0.294525591047868,1.0,0.7244622581530713,0.5158422962163631,0.6044086282347433,0.4491040871498052
0.0,0.0,0.47230802776932496,0.6744882162253681,0.06152905128890773,0.3451103838835108,0.30151991076141527,0.8765588943995803,0.4325070708487923,0.6025481524339745,0.16143508596940764,0.48016148990024743,0.670612386959526,0.5843526539172508,0.30263638373737267
0.7969640349731915,0.7155761344588917,1.0,0.8135475788587971,0.1257138770738046,0.9568096690865617,0.5018780207590957,1.0,0.9080779962663291,0.6868085526099434,1.0,0.295845322402964,1.0,0.4886805032921522,1.0
0.3096463074024022,0.29551261817153907,0.0,0.4566163365486229,0.9342346431571739,0.24859822762590306,0.2621178557907901,0.0,0.3574822668237796,0.37715679204448627,0.0,0.0,0.0,0.0,0.0
0.7969640349731915,0.6153317703359429,1.0,1.0000000000000002,0.3239896809450051,0.7901772051525077,0.7281932566826841,1.0,0.6656650832189512,1.0,0.4459015947491076,0.39227400650305705,0.9789837562369588,0.6477992708847782,1.0
0.3096463074024022,0.29551261817153907,0.0,0.5674871435743479,0.7315871061961201,0.31329765350547795,0.3974267583082086,0.0,0.3756057583918992,0.2878488929314349,0.0,0.0,0.0,0.0,0.0
0.678623864231944,0.8376372478616594,1.0,0.3784914834115434,0.5781615781521685,0.6818027553706981,0.4551398399159284,0.9661232120617556,0.6791802814324218,0.9183713958545346,0.6717984645263089,0.5051975170190767,0.9487820092416128,0.7085380125215754,0.9631788381883122
0.6568679911075299,0.8130319488203048,0.8022061497411376,0.6696335726963212,0.06385778503406203,0.8515826458201916,0.3763320933653568,0.6992397445852792,0.8750938738145086,0.49993739875019544,0.9928027658886028,0.6821259772078769,0.29741934769576395,0.6711054130659408,0.757473356796403
0.8363258534258589,0.9899609502684856,0.7578182352313034,0.6740925340933219,0.0,1.0,0.7501752846089365,0.4008658727702708,0.8783708402035814,0.6943613590931411,0.5511050538695792,0.7579935260700104,0.18301325168283722,0.5264845055718711,0.8373680164562797
0.5451233187402219,0.6706946317860978,0.6749641770482078,0.5650339605824484,0.661098389703388,0.5463461349702957,0.35713856840532693,0.5902026590698362,0.5958497190274143,0.6411195678930863,0.46813409983496995,0.8493853439454209,0.3915580798113003,0.7807943801230531,0.4491040871498052
0.3096463074024022,0.29551261817153907,0.0,0.5696122969360875,0.0216659237324065,0.5026223711676454,0.394578620968936,0.0,0.5418674883452087,0.2780407583356423,0.0,0.0,0.0,0.0,0.0
0.7969640349731915,0.9558490801090735,0.6561729893843519,0.56785131487721,0.42654866185192847,0.8547079326564186,0.24896231126896956,0.24986796435251635,0.9596460737163832,0.6509278520057777,0.40539363845723636,0.9620377189655707,0.15929153648424088,0.5963511620431197,0.6069291342609098
0.678623864231944,0.6153317703359429,0.0,0.9126069418017226,0.6112850997593855,0.6286507875477296,0.28518348286948203,0.0,0.7074999087377583,0.5271110793588052,0.0,0.0,0.0,0.0,0.0
0.7352538494516623,0.8973415826198019,0.8357077796737136,0.0,0.21782040009463385,0.8604312612799148,0.3415193101001164,0.6609764272725143,0.903786123997498,0.7267049169799391,0.6666609178024917,0.8855990225836303,0.1552418102319681,0.8943919402129019,0.6069291342609098
0.8106332976399246,0.9679633830625647,0.5613663490000734,0.4085071698281535,0.921542167855321,0.6316662265976607,0.24347731118700494,0.1397742727238379,0.7339722096666197,0.5247213388030016,0.4591857647495675,1.0,0.35376056096059916,0.5120386131591942,0.5413655634904161
0.0,0.0,0.0,0.6958039412601252,0.002478150180547367,0.1324694261343311,0.9587957198443791,0.0,0.13286987512944354,0.0,0.0,0.0,0.0,0.0,0.0
0.8601328799198642,1.0,1.0,0.587687239952239,0.7365298492258272,0.7599562656344111,0.3723971046060067,0.9514384443509467,0.7891897914708115,1.0,0.21839762589238199,0.5984614847610525,0.9078123926614243,0.8171281147746949,1.0
0.5781058747409289,0.4460923466303003,0.4776330935462422,0.5551260993221705,0.940318412691065,0.45835669958159647,0.29092011506708404,0.19316561309910568,0.5412753271345433,0.4949606663763978,0.33213946881394424,0.8866706434953054,0.5997638980603813,0.46405689526361343,0.4491040871498052
0.4601062689082746,0.29551261817153907,0.0,0.6274586135561241,0.3239896809450056,0.5942663528097366,1.0,0.0,0.2274163543552894,0.6336770808565744,0.0,0.0,0.0,0.0,0.0
0.6476493577392726,0.4460923466303003,0.5926226629501539,1.0000000000000002,0.6505089622836757,0.5434471996634872,0.2276478685352863,0.43541866783487754,0.6545239237844462,0.777052346180197,0.14155394645080177,0.7092827837882694,0.6397090981145478,0.5040279350503718,0.6069291342609098
0.6071471378159728,0.29551261817153907,0.43109302307761876,1.0000000000000002,0.019695184204558958,0.47799623932003515,0.8568122194519043,0.5511925592118876,0.38652406765216774,0.5474744827663452,0.1691351257823677,0.6427178557665134,0.3263070298765208,0.5177407292263699,0.30263638373737267
0.3096463074024022,0.29551261817153907,0.46400848755925994,0.6584218254465468,0.0,0.36368904283862746,0.7709922895773098,0.8590277086380995,0.3284063558345225,0.5009636949224244,0.29206414564767014,0.4816746491300929,0.6128550468752298,0.5706735066107846,0.30263638373737267
0.8601328799198642,0.8595943926623353,1.0,0.6134251302722366,0.4665410335659528,0.8774544228988089,0.3387660942005187,0.8423965872044208,0.9223126228344671,0.8317074156467958,0.8739267414781766,0.6470034695431061,0.6250779419481552,0.7581831505163568,0.9631788381883122
0.3096463074024022,0.29551261817153907,0.49959763666338636,0.6696335726963212,0.0,0.3266166704876522,1.0,0.9829581390826645,0.14908106883125694,0.7271716296429193,0.0938519156944706,0.4299091322719292,0.7290232017621578,0.6302876691504536,0.30263638373737267
0.3997684021488455,0.4460923466303003,0.47414167569317917,0.5555198230372138,0.4202383543181092,0.483724997295502,0.3168487639791928,0.4162604622388697,0.5542936245748671,0.3633235756161949,0.6947228025565322,0.8064484163426382,0.31565181533064585,0.5873930483367806,0.30263638373737267
0.3997684021488455,0.4460923466303003,0.5119118107481889,0.6886155509105159,0.3239896809450056,0.42550064071673754,0.6849013224299311,0.6624556828347754,0.3945510229615595,0.7075429983125239,0.11539050986381744,0.5655037184525007,0.690583226533324,0.5139754388612645,0.4491040871498052
0.4601062689082746,0.544050886024838,0.777608836198139,0.685181571418532,0.0,0.6672500847602422,0.9263332290128119,0.9271078918732281,0.4915823181428783,0.6074666074196391,0.7877839843884784,0.6020121602981391,0.3764111257034975,0.791788729183065,0.6069291342609098
0.8237367691002477,0.9428630314610174,0.7246323641104894,0.5919533070057719,0.7905787017098358,0.7172371001920753,0.49531531254640154,0.3396988887521392,0.6944710122240672,0.6346200900888723,0.6028162012292693,0.8957190353326998,0.41396795658424107,0.615961023921745,0.6967912789292292
0.9504329295663483,1.0,0.8308444013882157,0.06238187023637365,1.0,0.6141073085383892,0.6554507893929801,0.40453900520147984,0.550221356929204,1.0,0.12119022485185915,0.8227548522607777,0.9086031539563046,0.5949892090521046,0.8658410958175737
0.7826690357230384,0.785141694382745,0.8513998236112956,0.7372237340770907,0.5701530120720999,0.7608349854273908,0.6350688363156376,0.6380216475969624,0.6775198112924767,0.6956995064476035,0.7643469655117426,0.6273450290942331,0.7423262397010688,0.5621953178105528,0.9190305467688253
0.6071471378159728,0.7530817929611411,0.6181355745757497,0.590021337267897,0.032672799879985004,0.8259554210075637,0.5639357562584906,0.39731016220611154,0.7617421264646691,0.6583856808672076,0.31389765019421223,0.9091918775473579,0.09517948112848265,0.6821850120853303,0.4491040871498052
0.0,0.0,0.6103602560691594,0.7227882346803624,0.3239896809450056,0.6000291256714014,0.8935074686625677,0.5500174644111797,0.45920445576890656,0.6696381470436705,0.2820721061301017,0.7078082597982938,0.4113264730579159,0.5846417099817809,0.5413655634904161
0.7318072694361184,0.7155761344588917,1.0,0.0,0.6283771596152912,0.7705219002574094,0.6095212420247829,0.9254017722574375,0.6955152302084332,1.0,0.3752454929243741,0.5396494057843504,0.9290103608308673,0.7067769258757446,1.0
0.0,0.0,0.0,1.0000000000000002,0.3239896809450056,0.25111782701386276,0.6034278141411056,0.0,0.27994131884555123,0.37134976573945255,0.0,0.0,0.0,0.0,0.0
0.6071471378159728,0.7530817929611411,0.0,0.6821092935470535,0.4544143109436773,0.6458845455314842,0.32648536341282386,0.0,0.7031148245756049,0.4534430246758209,0.0,0.0,0.0,0.0,0.0
0.4601062689082746,0.544050886024838,0.5676674040855658,0.6695095114315803,0.0,0.6371165246156664,0.3419418477085008,0.5873780597734066,0.6873298235345415,0.3863979440119589,0.8555371229594693,0.6961795199732281,0.24517965688926802,0.5996889695363168,0.4491040871498052
0.9149274981637987,0.8376372478616594,0.8614071694118605,0.7097792615801779,0.18455989666126227,1.0,0.5382947239883877,0.4994620711869353,0.9697172513111744,0.667528483185938,0.8373843185040712,0.8217471965283449,0.19648197309399995,0.6707986773861196,0.8373680164562797
0.3096463074024022,0.29551261817153907,0.0,0.5996891000724285,0.6085169056417015,0.30855627248442646,0.19109089678613633,0.0,0.4408878144144388,0.45920733104164124,0.0,0.0,0.0,0.0,0.0
0.5451233187402219,0.544050886024838,0.425606594001684,0.5018380244908972,0.40257311631217196,0.6298159697263358,0.38438742843940243,0.15768942638194078,0.6614287059184434,0.45802854779009405,0.29894898791497937,0.986262380068686,0.13647841698925572,0.5091204731578908,0.30263638373737267
0.506686058351696,0.4460923466303003,0.5581833879148315,0.7777869280986951,0.15488689354437501,0.5863039532799138,0.6855514089708953,0.5563780856979854,0.5186399527689022,0.5123472173234419,0.48194757201656063,0.8351829810921271,0.1744566865365797,0.733952903742042,0.30263638373737267
0.7969640349731915,0.6706946317860978,0.8944368282161409,1.0000000000000002,0.4263187938784777,0.7378985419690712,0.399435781734702,0.817651931516814,0.7550944348525727,0.8044211373494297,0.6462876126116194,0.5961993550003772,0.7007952275480929,0.6702314096346026,0.8782332551890364
0.5451233187402219,0.6706946317860978,0.7006896131718511,0.5632546135897047,0.7645806154869315,0.5363716796187066,0.3227101398417225,0.5935492242268249,0.6010208341294985,0.6572310447661849,0.49442524606645344,0.8051082665499176,0.5502813485166189,0.7295006075055325,0.5413655634904161
0.6953245526041933,0.29551261817153907,0.0,1.0000000000000002,0.0,0.3811570595886167,1.0,0.0,0.23477963669801133,0.4849145675086646,0.0,0.0,0.0,0.0,0.0
0.3096463074024022,0.29551261817153907,0.0,0.5692899724724403,0.3239896809450056,0.5093764950100043,0.4261999915545962,0.0,0.5367501213049191,0.4064784453490926,0.0,0.0,0.0,0.0,0.0
0.5781058747409289,0.7155761344588917,0.4302069627401488,0.4554839476925393,0.4014977700403793,0.662558977825973,0.21526408942358954,0.138556537201401,0.7834931127330621,0.21357260606474426,1.0,1.0,0.11388194877744776,0.5163446604182362,0.30263638373737267
0.3997684021488455,0.4460923466303003,0.0,0.6250042500031293,0.0,0.5816005810535879,0.5698480019932644,0.0,0.5510989420487781,0.5100261102834864,0.0,0.0,0.0,0.0,0.0
0.6987846545735357,0.8595943926623353,0.5553900414590678,0.526393659744323,0.5495525461566283,0.7176944784631243,0.26275848307962424,0.19709784770151328,0.8090942723638656,0.586261082677019,0.31574307819706116,1.0,0.16223531503337887,0.5803299568293618,0.4491040871498052
0.3096463074024022,0.29551261817153907,0.5244739145629421,0.5597749738211949,0.21063365466946035,0.5098176614069075,0.4187966119528485,0.5877969133584795,0.5397009808032893,0.370077308028241,0.8038546791474159,0.6329638813872422,0.4701885413360286,0.5327962147552917,0.4491040871498052
0.9591735466065535,0.6153317703359429,0.9674601096162374,0.8344151361583174,0.6270772237027473,0.9162884972724807,0.3413356643547824,0.6028649300342168,0.9593602323910211,0.7514502850041314,0.8827476010672053,0.7840377419287525,0.4775343551900921,0.7121280323681549,0.9275433263541737
0.3997684021488455,0.29551261817153907,0.5563507956335126,0.5671880039311779,0.2843756752599706,0.6384562823029114,0.4715982080772489,0.39953017720284956,0.6340803673582415,0.24852438515767816,1.0,0.9499908922858957,0.13006983906427183,0.7306040279657509,0.30263638373737267
0.3997684021488455,0.4460923466303003,0.0,0.5689657886103153,0.0,0.632126126010132,0.8036993809762909,0.0,0.5154815671074022,0.37151478073471955,0.0,0.0,0.0,0.0,0.0
0.0,0.0,0.0,0.5686398791485289,0.6152944943918954,0.3426110208782077,0.1831422557189905,0.0,0.47806546365333497,0.3351452278887599,0.0,0.0,0.0,0.0,0.0
0.5781058747409289,0.7155761344588917,0.6239994736114765,0.5644889813073986,0.1950635370914351,0.719514405224621,0.846167930112207,0.4606939662426333,0.5645657057673902,0.5392272333221637,0.5819518617658793,0.7359947114528677,0.29607091359701526,0.54876945943401,0.6069291342609098
0.9504329295663483,1.0,0.8749756914088335,0.5316329757612859,0.7074459430044008,0.8462538012461014,0.1973473218360634,0.4823061361644167,0.9923595707881914,0.9473363512290703,0.36433050269343586,0.8688738054320617,0.39292874785650933,0.7104238176085818,0.820823045409192
0.3096463074024022,0.29551261817153907,0.0,0.6591723046215012,0.3239896809450056,0.28197864868060885,0.9060951150380585,0.0,0.2404246633389765,0.5117858101246014,0.0,0.0,0.0,0.0,0.0
0.5781058747409289,0.29551261817153907,0.0,0.5678182763032285,0.5818192935969705,0.6008385365608532,0.09370024838083696,0.0,0.8185830295053623,0.2855733363305727,0.0,0.0,0.0,0.0,0.0
0.0,0.0,0.0,0.5775115493806227,0.6341462851064051,0.24071811899354073,0.709692077483421,0.0,0.2527066393358011,0.3348706938194704,0.0,0.0,0.0,0.0,0.0
0.3096463074024022,0.29551261817153907,0.4329179758847078,0.5723078070115705,0.17050899002977,0.4624731721113049,1.0,0.49490084880412155,0.2759988449999845,0.504147116579574,0.22980746260398494,0.6839311260014694,0.356916505995974,0.5206208425252502,0.30263638373737267
0.678623864231944,0.6153317703359429,0.7846364132736727,0.6352906463865267,0.7337999596705806,0.6212702008160856,0.39106042841358446,0.6308186591198005,0.6507232368665768,0.634585538922101,0.7451692710011779,0.5921747416367045,0.9148736086832803,0.520062600285535,0.8782332551890364
0.0,0.0,0.5532552000792538,0.6448310602218956,0.0,0.38308436166405985,1.0,0.9761257832596539,0.13423727414660425,0.46485031179071956,0.597848791448478,0.3937595298813708,0.8079684644598257,0.5769918239605842,0.4491040871498052
0.8338469648992768,0.879375948873315,0.9357474493129412,0.6851815714185318,0.36617022741828453,0.8857312487268396,0.5636518054657258,0.7265835684874582,0.814384460299834,0.7926999147484702,0.7577172587240038,0.659132113658646,0.5282729569845054,0.6666248937686349,0.9275433263541737
0.3096463074024022,0.29551261817153907,0.0,0.6849360078620599,0.3239896809450056,0.24340087084779755,1.0,0.0,0.11651596665160513,0.38473594172086145,0.0,0.0,0.0,0.0,0.0
0.5451233187402219,0.6706946317860978,0.6634689393905432,0.6957063421775777,0.6673142782484567,0.5434471996634872,0.2202473296023525,0.5684747576077229,0.6587329925237294,0.4253780551712388,0.9388901963077324,0.7703827446567977,0.5334036887319177,0.6680617874342385,0.5413655634904161
0.8929289156703513,1.0,0.8656584255609133,0.5941480858357046,0.005585238476521981,1.0,0.3482436436818925,0.5298748469279756,0.9999999999999998,0.6939243380842303,0.797135959487431,0.8611561259156746,0.11285044350395709,0.7422740626644365,0.7814013379078153
0.3997684021488455,0.4460923466303003,0.0,0.6290564518268048,0.035925402782175764,0.5631702845936012,0.6643296057564958,0.0,0.5068719675338682,0.4352159412945394,0.0,0.0,0.0,0.0,0.0
0.0,0.0,0.0,0.6425496171972697,0.0,0.35926147119682833,0.3828575813263401,0.0,0.4193149858452234,0.4747542191895525,0.0,0.0,0.0,0.0,0.0
0.0,0.0,0.0,0.8184279744128611,0.0,0.22634530247330387,0.3715120736148191,0.0,0.3079349634679186,0.36294483495660346,0.0,0.0,0.0,0.0,0.0
0.5781058747409289,0.7155761344588917,0.555748482511079,0.5604762627074398,0.3239896809450051,0.706280364394746,0.36569149938317314,0.2909683480605879,0.7415048457490758,0.7145572012539686,0.15291982873158108,1.0,0.08992992102821101,0.7295048757447001,0.30263638373737267
0.3096463074024022,0.29551261817153907,0.36184453807167405,0.6958283401781863,0.0,0.1324694261343311,1.0,1.0,0.11760281506779918,0.7804049946592081,0.022012964515218725,0.15581499689021772,1.0,0.413095857172786,0.30263638373737267
0.0,0.0,0.0,0.5956222314443153,0.0,0.2134698777944133,1.0,0.0,0.08359405301477169,0.47622555395001104,0.0,0.0,0.0,0.0,0.0
0.3997684021488455,0.4460923466303003,0.0,0.567453957221709,0.1257138770738046,0.5962064519009348,0.2158502890460744,0.0,0.7148623960627887,0.559059525756129,0.0,0.0,0.0,0.0,0.0
0.3096463074024022,0.29551261817153907,0.0,0.610710190071553,0.20049433191379185,0.38018409559899335,0.8890275499188216,0.0,0.309839598658763,0.4060936964774329,0.0,0.0,0.0,0.0,0.0
0.3997684021488455,0.4460923466303003,0.56288061536206,0.6031303036621675,0.4366045659814507,0.46072142800670496,0.4533522968548783,0.6426503208769285,0.4856382686081727,0.4527727411623928,0.6586020676818645,0.6517601535254519,0.5934048381895152,0.5921083502105813,0.4491040871498052
0.3096463074024022,0.29551261817153907,0.0,0.5059426463159525,0.9040763737845242,0.2583868810018469,0.28937680616644473,0.0,0.3579344809105875,0.4836123177785532,0.0,0.0,0.0,0.0,0.0
0.3997684021488455,0.4460923466303003,0.0,0.6986319605607866,0.5818192935969705,0.4387799444808186,0.3449228625207828,0.0,0.5022793223493391,0.37225806328901034,0.0,0.0,0.0,0.0,0.0
0.6568679911075299,0.8130319488203048,0.0,0.6923602454698384,0.8089504665077258,0.5638255925573263,0.40363958671187783,0.0,0.5934167928834184,0.6889120411262107,0.0,0.0,0.0,0.0,0.0
0.717597367320751,0.879375948873315,0.9439542933204992,0.5809308195457121,0.261954660125574,0.839199681615926,0.42005997276540585,0.8463235193769776,0.8400788149924436,0.6245251908643656,0.9959671292805251,0.5901370162333559,0.5925771573259552,0.6896110844234298,0.9190305467688253
0.6071471378159728,0.29551261817153907,0.842587776559774,1.0000000000000002,0.7625856531817419,0.3690428323627239,0.3037431252351288,1.0,0.4535515566150487,0.7556704646776329,0.6235665477156052,0.6506810513701963,0.8444332513355599,0.9999999999999998,0.4491040871498052
0.7676777553453626,0.928885384223006,0.949625362470695,0.5905468533812013,0.006284104750764075,1.0,0.7127691632734373,0.8075808771133399,0.8449782037827753,0.7516175172948456,0.853516712556172,0.5086341608904286,0.5598226625212448,0.5588259102921628,1.0
0.3997684021488455,0.4460923466303003,0.0,0.6411529121086865,0.3799223294741973,0.45105290081815724,0.7325569970950666,0.0,0.4016838931046996,0.6913328567745656,0.0,0.0,0.0,0.0,0.0
0.9591735466065535,0.4460923466303003,0.7685687097748337,1.0000000000000002,0.9064332520753219,0.6766948319337851,0.31417780187796907,0.3837845914006338,0.7390767045739227,1.0,0.14357394416480104,0.9205979272704645,0.48961437244100614,0.6827148917050043,0.6967912789292292
1.0,1.0,1.0,0.6205147988580089,0.6482116713937394,1.0,0.43385695911840655,0.9043839766252475,0.9999999999999998,1.0,0.45854064219510343,0.6613866496938556,0.7341251855476236,0.8464623349992749,1.0
0.8929289156703513,0.9793059313622919,1.0,0.5792586842384052,0.6399381414006741,0.8434568486415113,0.4047521365191048,0.9079420954791091,0.8520021060061871,1.0,0.4046355741522657,0.4523297314892404,1.0,0.5801332373939125,1.0
0.3096463074024022,0.29551261817153907,0.5511953947025273,0.5855308066917908,0.3239896809450056,0.47316094221275995,1.0,0.653231968152729,0.22251702851057764,0.5114949650880269,0.46647587575991123,0.6278626922721218,0.5605122205654802,0.5737788938248463,0.4491040871498052
0.0,0.0,0.5524019160409184,1.0000000000000002,0.3239896809450056,0.36585387600677516,1.0,0.8607627487828151,0.1677956039718554,0.40262769717439784,0.7774873226007384,0.48466484915255775,0.8524182758247103,0.5756599148359698,0.4491040871498052
0.0,0.0,0.6401598765778254,0.6188470507283519,0.4322107314904331,0.6032466980185633,0.4040485856460873,0.5484681966686702,0.6289204953403058,0.6498215976085189,0.37301482218845966,0.8288355385144768,0.29219775058370134,0.7196752526463738,0.4491040871498052
0.3997684021488455,0.4460923466303003,0.46826482072113285,0.5371669646323948,0.3239896809450056,0.5102577248096346,0.24804874147855543,0.40525790444168186,0.6107925315056578,0.45153712945074664,0.4111703777551816,0.8054920675806927,0.2705672264854634,0.5776718697203431,0.30263638373737267
0.3096463074024022,0.29551261817153907,0.4775324622345974,0.5755951234965074,0.0,0.580705611435245,0.5289377591667614,0.48477408599227456,0.5637227839959009,0.29818705538165,0.9004557496396114,0.7613294647708251,0.1801208964036091,0.5930327632212415,0.30263638373737267
0.3096463074024022,0.29551261817153907,0.0,0.5696122969360875,0.5779606192295503,0.351175295949308,0.7238738911869959,0.0,0.33001541718505834,0.41458767044348027,0.0,0.0,0.0,0.0,0.0
0.3096463074024022,0.29551261817153907,0.0,0.6862861431329246,0.0,0.402816269919567,0.5185727329082801,0.0,0.4185601036334681,0.4319930748364218,0.0,0.0,0.0,0.0,0.0
0.7519063213676365,0.9137709269953186,0.8527555135704461,0.47683151685638936,0.7296394204245389,0.692004084179693,0.4735951594002789,0.6481370400603623,0.6808155371403509,1.0,0.17317747319969146,0.6222281570737406,0.86738069096184,0.5639771280521388,0.9190305467688253
0.3997684021488455,0.4460923466303003,0.6178258021773713,0.6207229970405955,0.6279797013577714,0.42981388216989513,0.7210411207894518,0.7133716240562024,0.38878418716123986,0.6252328963470035,0.3719505285014566,0.6072398298699351,0.8225503204155055,0.5960697694477608,0.5413655634904161
0.3096463074024022,0.29551261817153907,0.5972912486095275,0.5846858202136076,0.0,0.4946377541003786,1.0,0.877768644728645,0.22587357321195684,0.4552467822634106,0.7403551228207567,0.46265619615642245,0.6553186998047082,0.5648692616225366,0.5413655634904161
0.0,0.0,0.7575669574351556,0.8518278604976812,0.42584183085061017,0.6205411532688699,0.4271949608161788,0.7524187730387919,0.6353248572324011,0.4851513310128762,0.9675493768201286,0.7147733081243162,0.46414741068481413,0.7577794878352416,0.6069291342609098
0.6568679911075299,0.8130319488203048,0.8647159467011925,0.6616956352874978,0.32816798113313456,0.7499247545695553,0.5153083523477172,0.8005119936125329,0.7152417298780281,0.7437238138471094,0.6980390157701746,0.4721369012370541,0.8767070100838463,0.5128294253657867,0.9749477592533617
0.3096463074024022,0.29551261817153907,0.0,0.5611750101913597,0.9972815502625585,0.22008135105899684,0.50122091294447,0.0,0.27521961806945006,0.5245158465330716,0.0,0.0,0.0,0.0,0.0
0.506686058351696,0.6153317703359429,0.9328584081352786,0.5757435341513031,0.06060395417281944,0.738868438285857,0.45048358650495857,1.0,0.7327643869610745,0.8265583486400392,0.6898478941294526,0.3840994551908209,0.8717490409920796,0.6154134327337464,0.9631788381883122
0.4601062689082746,0.544050886024838,0.0,0.5915402560036942,0.00040205167709644885,0.7226630394276414,0.3322345091070734,0.0,0.774166873429172,0.3703203592711083,0.0,0.0,0.0,0.0,0.0
0.678623864231944,0.29551261817153907,0.0,1.0000000000000002,1.0,0.26964743713883277,0.15360159989272043,0.0,0.41981988148173444,0.0,0.0,0.0,0.0,0.0,0.0
0.3997684021488455,0.4460923466303003,0.0,0.5555198230372138,0.4049377918434913,0.4897630587958133,1.0,0.0,0.311538741321192,0.36354732739684326,0.0,0.0,0.0,0.0,0.0
0.678623864231944,0.29551261817153907,0.6378671197366527,1.0000000000000002,0.12759000566611955,0.677432218952368,0.43252060284933475,0.5906571123205535,0.6846018971872649,0.4479123132088555,0.8506285220374594,0.6655729453755368,0.35931994997722433,0.5690660632090239,0.6069291342609098
0.0,0.0,0.0,0.8950846947158801,0.0,0.30693856743564785,0.4873425973828058,0.0,0.34803857373392644,0.2764782329036026,0.0,0.0,0.0,0.0,0.0
0.506686058351696,0.6153317703359429,0.326034874435625,0.6217890893316168,0.609270389931514,0.5456256964757705,0.30736457324082117,0.0793752012428906,0.6165455569890672,0.7676375342028099,0.017116365069864914,0.963400957697774,0.22038019158536398,0.36245021260148524,0.30263638373737267
0.6568679911075299,0.8130319488203048,0.47370186632463507,0.628824696860508,0.9344399866944993,0.5200880292628361,0.4089213065098942,0.13369514279956873,0.5522947447778431,0.9279605348630633,0.026143990913421344,1.0,0.25554519026650235,0.58666319296896,0.30263638373737267
0.3997684021488455,0.4460923466303003,0.580994806973818,0.6013321860383313,0.2775764563916596,0.5062569282477947,0.49875071001998916,0.678641247197477,0.5103649701084751,0.0,0.0,0.6531418335533051,0.47848119554230867,0.6210164692571258,0.4491040871498052
0.5781058747409289,0.7155761344588917,0.6058686860558433,0.676563796738573,0.3239896809450056,0.6615680847139078,0.1980197872210832,0.44272420235208815,0.7944839635587401,0.70095391257888,0.23208053350037178,0.8554975136859565,0.216095628732383,0.6616985400133544,0.4491040871498052
0.3096463074024022,0.29551261817153907,0.5700599412123526,0.5960307251706751,0.017598058905885672,0.5611904223278072,0.3695233764261554,0.7074323260574957,0.604463438535449,0.4778230370603355,0.605992555474323,0.3826345881631492,0.8444332513355599,0.36144262359358587,0.757473356796403
0.5781058747409289,0.7155761344588917,0.7309527805853132,0.577365065671481,0.0009911468926551703,0.8086970323444934,0.37237814596415764,0.6621952368140505,0.8358816493449259,0.4344560315574286,0.9980398722953884,0.6158964612303792,0.354691751072431,0.5673236463523398,0.757473356796403
0.6987846545735357,0.8595943926623353,1.0,0.6856234910724472,0.10745693261832928,0.8809491902525458,0.5567341246773653,0.9981410717008383,0.8132738823420358,0.8648723702169296,0.8418715750832346,0.47918407694231036,0.7109998401077564,0.7137521638941803,1.0
0.7797289540876261,0.7155761344588917,0.9727254121452935,0.6656331621316729,0.6506561292859392,0.7433843698164986,0.29059751693365754,0.8233289993336275,0.8179360653752695,1.0,0.16114952836316646,0.5780267023921243,0.8865163465081578,0.6533019179321979,0.9749477592533617
0.3096463074024022,0.29551261817153907,0.6516905626087008,0.6595473752649842,0.0,0.3603809406786834,0.9342334302239741,1.0,0.28274292444223437,0.9463033876978141,0.09283701913976528,0.26414271641704856,0.9990923262631868,0.5896180829806588,0.6069291342609098
0.6071471378159728,0.29551261817153907,0.0,0.6426764957090539,0.08032917656091298,0.7937842881050093,0.593033761657126,0.0,0.7218620473097928,0.8360196629859669,0.0,0.0,0.0,0.0,0.0
0.6071471378159728,0.7530817929611411,0.5553337301699398,0.5522101916308283,0.021436195187819806,0.8370425276353687,0.34926029790756885,0.28047223467192495,0.8762284283040607,0.3584014869217557,0.8987030699256857,1.0,0.046189573776848125,0.7287484355283125,0.30263638373737267
0.0,0.0,0.0,0.6447044437468382,0.06803719817585613,0.31329765350547795,0.7335427792256803,0.0,0.3004075555204181,0.3186619303584918,0.0,0.0,0.0,0.0,0.0
0.0,0.0,0.0,0.8853964279113921,0.4026750431146453,0.5128752769389953,0.3360390725913355,0.0,0.573530922183654,0.41744049164867525,0.0,0.0,0.0,0.0,0.0
0.3096463074024022,0.29551261817153907,0.0,0.5678182763032285,0.0,0.5102577248096346,1.0,0.0,0.33259328178827163,0.368805694156601,0.0,0.0,0.0,0.0,0.0
0.3096463074024022,0.29551261817153907,0.0,0.684076237843465,0.0,0.2560101200262796,0.7611978731425679,0.0,0.2540616921720767,0.4645918767164819,0.0,0.0,0.0,0.0,0.0
0.4601062689082746,0.544050886024838,1.0,0.627871252729333,0.6042785858322186,0.5733894842086343,0.4356857979507417,1.0,0.5899270526853141,1.0,0.3503108323949981,0.5019871994120239,0.9621723169433727,0.8899893275517304,0.8658410958175737
0.3096463074024022,0.29551261817153907,0.0,0.5684107781380987,0.4363676891631884,0.38686683820992523,0.4038222939608229,0.0,0.4370458351512229,0.3214964628072873,0.0,0.0,0.0,0.0,0.0
0.3096463074024022,0.29551261817153907,0.0,0.6916755657709179,0.06875844577804613,0.1779289105771365,0.41025536546175734,0.0,0.2586687976395505,0.0,0.0,0.0,0.0,0.0,0.0
0.0,0.0,0.0,0.5669880130729942,1.0,0.328020926750649,0.1666957473037436,0.0,0.47172060106931213,0.0,0.0,0.0,0.0,0.0,0.0
0.6568679911075299,0.544050886024838,0.5707854166190865,0.5687378260014117,0.4766312439882685,0.7057980911769483,0.33355280865059833,0.25529674033743344,0.7571636694991517,0.7679737610975935,0.12715816454470746,0.8279658520645046,0.3154176218362387,0.47385192991717606,0.6069291342609098
0.5781058747409289,0.544050886024838,0.7092764031607691,0.6274586135561244,0.0,0.8017794138796427,0.5773726834462376,0.6302178391294948,0.735114391376257,0.24905464084019557,1.0,0.6613124549982032,0.28822755580357606,0.5933611135719735,0.6967912789292292
1.0,0.9428630314610174,0.939880487946783,0.793484761822128,0.6446646438620711,0.9324272912218317,0.5124344180477617,0.523968209978628,0.8804296988539579,1.0,0.3523796033643552,0.6798269667329062,0.6943765652940792,0.5367178634018972,1.0
1.0,0.9679633830625647,1.0,0.9192711276642789,0.8655914969408889,0.8497051384220611,0.9098482232516172,0.6795929044606241,0.6300484037788008,1.0,0.46408499843808887,1.0,0.19939727961311265,0.9999999999999998,0.656903934204975
0.4601062689082746,0.544050886024838,0.0,0.5699326046970911,0.6674046683726075,0.46874348807140037,0.16945161240289663,0.0,0.613061466652102,0.49126399230464146,0.0,0.0,0.0,0.0,0.0
0.0,0.0,0.0,0.6834126685890782,0.17200291624405836,0.2168216891552846,0.660028623121862,0.0,0.24405562255940938,0.0,0.0,0.0,0.0,0.0,0.0
0.7352538494516623,0.8973415826198019,0.7897152809966628,0.6662799887366461,0.8137089447311443,0.6942245349859905,0.34609037976193036,0.4700525515696742,0.7396742526661919,0.7980078549038211,0.42420454544169933,0.6953622074725213,0.8095636662760524,0.5146994832156515,0.8896272260056844
0.3096463074024022,0.29551261817153907,0.0,0.6925313722451886,0.1257138770738046,0.1576019670474596,0.9805148440775824,0.0,0.1418581215974678,0.0,0.0,0.0,0.0,0.0,0.0
0.506686058351696,0.6153317703359429,0.0,0.689228003838287,1.0,0.30693856743564785,0.5567958805191258,0.0,0.3325268667683369,0.6545388222750252,0.0,0.0,0.0,0.0,0.0
0.8484449901849405,1.0,0.9205646647661159,0.6351628050391573,0.3903692956700017,0.8939574306955933,0.5437308617363124,0.6776887802158318,0.830772798603889,0.7900605245405761,0.7308288111555188,0.8258208872813848,0.2762909306707497,0.8308809346574466,0.7814013379078153
0.5781058747409289,0.29551261817153907,0.7757139536597568,0.9754698996216953,0.24842019245431549,0.7534482780208966,0.530688027031505,0.6797432187595105,0.7120698065386462,0.7003902169706896,0.5809096464820634,0.5610940430890309,0.6437133817375351,0.5212735011363498,0.8658410958175737
0.3096463074024022,0.29551261817153907,0.0,0.6910640102046508,0.0,0.1990130235741424,0.596781687725543,0.0,0.24156118900064916,0.0,0.0,0.0,0.0,0.0,0.0
0.0,0.0,0.42765940431100447,0.5381028626060059,0.0,0.5026223711676454,0.9067026998901491,0.5097496343725746,0.386759254045117,0.43516949358053025,0.3540920140825833,0.6654089199523995,0.2828453115135743,0.5123391104096481,0.30263638373737267
0.0,0.0,0.5184831805199938,1.0000000000000002,0.0,0.6061500538756102,0.8952251326281355,0.5320438856098235,0.462810210251158,0.44160332465759977,0.5712041356221595,0.7915056417418598,0.15587359995811978,0.6629452113355898,0.30263638373737267
0.7826690357230384,0.785141694382745,0.9562562988665685,0.7082289200218751,0.29007420350349966,0.8720399553975408,0.662998580710736,0.8138539070173002,0.7593722891438706,0.8710430278292598,0.6601075631698219,0.5312487960474952,0.7380115311656266,0.5897807968566416,1.0
0.4601062689082746,0.544050886024838,0.0,0.5700282786311653,0.6032513885993324,0.5111345667332027,0.5218942667136438,0.0,0.5073331392079208,0.4338518865603026,0.0,0.0,0.0,0.0,0.0
0.6568679911075299,0.4460923466303003,0.0,0.5823607998572669,0.5977521346248953,0.6670567343924956,0.17996841843386968,0.0,0.8137303525525261,0.6244835843367518,0.0,0.0,0.0,0.0,0.0
0.3096463074024022,0.29551261817153907,0.0,0.5606861595119472,0.08576704581087974,0.5145989977467734,0.773314807863223,0.0,0.4377107680431103,0.27017555129281035,0.0,0.0,0.0,0.0,0.0
0.9504329295663483,1.0,0.8260735023306591,0.6570447646157277,0.6559221739022332,0.8668238443876899,0.40901546376245823,0.401086753156644,0.8719871983757943,0.7226557790396931,0.6527558829964264,0.7710150220954917,0.5232338661574544,0.5395335796370425,0.9099264379040639
0.7898988849047773,0.8595943926623353,1.0,0.7539441342049501,0.026845512763910617,0.9970837629091909,1.0,1.0,0.6299588043922429,0.9399770924567719,0.9006726204030343,0.3448442692209057,0.9181220646619073,0.5924927234752835,1.0
0.3997684021488455,0.29551261817153907,0.9112937584735225,0.5910991110927921,0.6713269113556641,0.5375073419178681,0.35063044745328875,0.9872877215617359,0.5903536247683175,1.0,0.1779131492945743,0.4544305976963191,1.0,0.6672018570188434,0.9001553962223833
0.8823466167831018,0.785141694382745,0.8528345144028837,0.6867522910703484,0.527793528621805,0.8672228939000791,0.2766255584099657,0.5172900579139998,0.9526100922001497,0.6145219037713558,0.9105076145309431,1.0,0.15058067251012072,0.9257928514706357,0.6069291342609098
0.5451233187402219,0.6706946317860978,0.7346186007480313,0.6097583969345681,0.23404799274102386,0.6819828967642906,0.3859559000805608,0.7147623847128364,0.7091369766262221,0.5955612336746359,0.7178666632743689,0.7114972087186748,0.35191250446274924,0.7196984210541405,0.6069291342609098
0.7969640349731915,0.8595943926623353,0.8392553593376926,0.5748503050267861,0.6591301730116238,0.7529297666515293,0.3599885045730783,0.5760122924443238,0.7888318170747008,0.6492989066197433,0.8289956990185994,0.635656394762919,0.7924735834859593,0.5274704069206566,0.9355287138703907
0.4601062689082746,0.544050886024838,0.7752203321153668,0.649127181589128,0.05157542016240868,0.627478753437816,0.8061659163550443,0.9462300995779158,0.5111589578857436,0.6693042887995437,0.6471325888769515,0.5111412813961557,0.593930115484278,0.6930929114632234,0.6967912789292292
0.6331907256404057,0.785141694382745,0.8241543038259915,0.5612795951839017,0.06056546358448461,0.8381235244990356,0.3123135584952345,0.7576037323652054,0.8994372864286699,0.6753767580771061,0.7466225717497614,0.5143940042085408,0.5945671001975632,0.5269144012758377,0.9190305467688253
0.6568679911075299,0.8130319488203048,0.546927751212941,0.6671502271426187,0.003178588100773816,0.8876480802182494,0.2842723444843739,0.2290810781447864,0.9682699396852127,1.0,0.02567214724934841,1.0,0.03626163608697053,0.7134936547201317,0.30263638373737267
0.0,0.0,0.0,0.5696122969360875,0.0,0.4698587676031935,1.0,0.0,0.13423727414660425,0.2855588237782695,0.0,0.0,0.0,0.0,0.0
0.6987846545735357,0.544050886024838,0.816651748540604,0.7440020894361343,0.759617914534392,0.6128455469708807,0.29061528736763087,0.6871753376740228,0.6892323195104268,1.0,0.1954818624219446,0.5435109325697909,0.9793894940267496,0.5079820116359651,0.9275433263541737
0.3096463074024022,0.29551261817153907,0.5547551999467517,0.63580183622446,0.0,0.5294037304447291,0.7809659115341031,0.7413451694267592,0.4464184484567627,0.2313380595428292,1.0,0.5731012433277972,0.4265550443878307,0.5793364223015722,0.4491040871498052
0.6071471378159728,0.7530817929611411,0.615414369900041,0.6287216741774949,0.273681451173212,0.7190608526616775,0.3289634424528912,0.4039452817746625,0.7724081936918785,0.47305316533320946,0.7367333655747692,0.7656406275803298,0.29669176292795935,0.5363650439090366,0.6069291342609098
0.4601062689082746,0.544050886024838,0.5849304183346815,0.6959747265306014,0.8516989902387058,0.3335018075233529,0.0319594356851991,0.7040058929922021,0.5776009073795002,0.40862485043441915,0.835796861211485,0.7702611204164034,0.7072653392980762,0.7836238256120731,0.30263638373737267
1.0,1.0,0.8997704314984463,0.36051063998063543,0.9429059459676595,0.7824478051790327,0.048427853923672326,0.42672769483216777,0.9999999999999998,0.6818074095232107,0.8798930619155182,1.0,0.060559653792647716,0.9999999999999998,0.30263638373737267
0.3096463074024022,0.29551261817153907,0.0,0.6570447646157275,0.31264902056347105,0.7259134915392504,0.2509757053618395,0.0,0.8249642847034085,0.46632356511791795,0.0,0.0,0.0,0.0,0.0
0.4601062689082746,0.544050886024838,0.6223505259670435,0.5692899724724403,0.1257138770738046,0.6631512330901935,0.47777670640362313,0.5822382688019934,0.6535327542707466,0.56034110924668,0.5245841276689811,0.6497423922909622,0.3834948929237485,0.546377411108138,0.6069291342609098
0.4601062689082746,0.544050886024838,0.0,0.6836338892548669,0.5410757454572287,0.6302801436829288,0.49444335335187917,0.0,0.6183801663194156,0.6775230600015228,0.0,0.0,0.0,0.0,0.0
0.8823466167831018,0.4460923466303003,0.9149883783219612,1.0000000000000002,0.6173917543385319,0.7956207826966719,0.48696835637314534,0.6765075069883854,0.7681381984705379,0.9669741951356596,0.412806972474361,0.6885685174002655,0.6549023195421271,0.6600746963441542,0.9099264379040639
0.0,0.0,0.5612922181178521,0.5668210204405777,0.5908989176854227,0.36798745604405547,0.2835648553507763,0.7452826860969124,0.45989506014146375,0.3272711414450802,0.9677324650102681,0.5087635433920558,0.949848887448435,0.511931893245168,0.5413655634904161
0.3997684021488455,0.4460923466303003,0.5401662831904918,0.5954041948503789,0.8178527477112594,0.35585074870009387,0.32898571516189445,0.5852038215341228,0.4330266579418569,0.510821288551011,0.44075637446678384,0.6575913416895652,0.8766069875361944,0.5567067285703001,0.4491040871498052
0.3997684021488455,0.29551261817153907,0.0,0.5658805876216878,0.46105539691282255,0.5313664168863328,0.43065518834543287,0.0,0.5545649262437377,0.3030702884703226,0.0,0.0,0.0,0.0,0.0
0.9031939912570269,1.0,0.8473914588604857,0.5384393912677786,0.39877588360248156,0.9451668495215146,0.4412620147876477,0.4772844915676267,0.92908985270196,0.37208377386911246,1.0,0.875534774668664,0.2246511340756388,0.7138405337898948,0.7814013379078153
0.3096463074024022,0.29551261817153907,0.3946618217214367,0.5686398791485288,0.3239896809450056,0.41495691154138903,1.0,0.4196632629285388,0.237560590129687,0.34762070609347473,0.5188344417045438,0.6761163002553638,0.4671492712476998,0.46156919743042435,0.30263638373737267
0.0,0.0,0.4556500663966544,1.0000000000000002,0.3239896809450056,0.3335018075233529,0.9077933366007309,0.7346329076439047,0.27350925732102627,0.7384162752402227,0.06217924221238491,0.5575927093357469,0.7072653392980762,0.557033255235346,0.30263638373737267
0.6568679911075299,0.8130319488203048,0.6577387773544097,0.6676472558532573,0.5588634416466772,0.66176664531298,0.24135432316390415,0.42410400641978807,0.7657339421925128,0.6283341007962797,0.4550250208110906,0.8113037329706722,0.38591437133049206,0.5987111001002472,0.6069291342609098
0.4601062689082746,0.544050886024838,0.7676737499826196,0.6228017657133599,0.010042728570757997,0.6587679103285885,0.40268304798329724,0.9178913123556747,0.6802333653552166,0.7056751348313274,0.5506681520039652,0.5579961182219287,0.4627591630983949,0.722353272434769,0.656903934204975
0.3096463074024022,0.29551261817153907,0.46659262697007603,0.5595992686582627,0.4865605695059481,0.4565607757059754,0.41907836346044736,0.41643512798026777,0.49286238380093117,0.5868229696515347,0.17090426768718686,0.7942594917610614,0.3692595370462078,0.5749181844380583,0.30263638373737267
0.6568679911075299,0.4460923466303003,0.0,1.0000000000000002,0.9669360138384275,0.41495691154138903,0.8792876900302297,0.0,0.3361860029728949,0.8464940423115694,0.0,0.0,0.0,0.0,0.0
0.7969640349731915,0.4460923466303003,0.6024572362906899,0.5390371404945489,0.7234151746400239,0.7275207436509868,0.3181982483300606,0.18721242376824726,0.7864650518524363,0.488036367826035,0.6629254729609237,1.0,0.15438846733692427,0.6560510846712415,0.4491040871498052
0.506686058351696,0.4460923466303003,0.5636514184735776,0.5670880638080753,0.8000741475018014,0.4647805705053883,0.38186136999385567,0.4244079926865795,0.5125830139339488,0.6355872028152264,0.25181874488466643,0.7289444058227441,0.7334969258180049,0.515332857929482,0.5413655634904161
0.3096463074024022,0.29551261817153907,0.4703685560746458,0.5973893877166911,0.36604467117985695,0.37622805126054293,0.9997466614848222,0.6516895296607232,0.262261414546624,0.3706044716857433,0.6600656753380755,0.635656394762919,0.5750401501020945,0.5811439730095632,0.30263638373737267
0.3997684021488455,0.29551261817153907,0.0,0.5648298692784176,0.5076919836263135,0.45954327056474725,0.1785693137309209,0.0,0.5980670606114046,0.36953043852695777,0.0,0.0,0.0,0.0,0.0
0.3096463074024022,0.29551261817153907,0.0,0.48030176172171113,0.04305149187993429,0.35926147119682833,0.8433058776784144,0.0,0.30794540931843045,0.5563990395936784,0.0,0.0,0.0,0.0,0.0
0.3096463074024022,0.29551261817153907,0.6026175254972748,0.5851086687359888,0.18008348859520623,0.7010792538096996,0.4829865414325352,0.4529495680698368,0.6851073646667984,0.32222667628594737,1.0,0.9800633539757295,0.09245999621598283,0.8172929558322055,0.30263638373737267
0.3997684021488455,0.4460923466303003,0.5047652375300913,0.5699326046970912,0.5656621657765015,0.7250317979357487,0.30711470824947174,0.13196932045777532,0.7901777602873621,0.4851676968841873,0.41675882719189933,1.0,0.0814335782822268,0.6391525951938765,0.30263638373737267
1.0,1.0,1.0,1.0000000000000002,0.7860324154827258,1.0,0.8993372709776791,0.6705473677399172,0.8837308207601624,1.0,0.7836803973824227,0.5737330262109038,0.9632610920227154,0.5281837386634921,1.0
0.6071471378159728,0.29551261817153907,0.6851974617302974,0.5710066139399559,0.038094481381864,0.8974424120716586,0.8274170365776393,0.43241437188033643,0.707732969129606,0.5331808060789542,0.7503207030513823,0.7122451416843253,0.24617849185355795,0.5047793869879212,0.757473356796403
0.5781058747409289,0.7155761344588917,0.6206865993415503,0.5673210824570953,0.47077752745891616,0.7851658354968375,0.16950417389302236,0.2493726559033331,0.9504971132768006,0.4670124748157764,0.7655378691512559,0.9093425176348633,0.21866888715522415,0.5439682248785673,0.6069291342609098
0.0,0.0,0.0,0.798161857749179,0.0,0.16305113701703788,0.7106356601530399,0.0,0.19670486620109168,0.40099462486074655,0.0,0.0,0.0,0.0,0.0
1.0,1.0,1.0,0.26713940527071284,0.802964580619419,0.8849900711695781,0.27172216341589656,0.7226127513634331,0.9744625456096684,1.0,0.23173561294177442,0.6484916031426271,0.879108168711856,0.6507814599005606,1.0
0.3096463074024022,0.29551261817153907,0.0,0.6902074584391397,0.10721768115649538,0.1779289105771365,0.47282602654497446,0.0,0.24675791022402926,0.4676679304190956,0.0,0.0,0.0,0.0,0.0
1.0,1.0,1.0,0.9075457986811377,0.9395533899375625,1.0,0.576398002443761,0.6946564524930945,0.9999999999999998,1.0,0.988464551123601,0.5721701385126763,1.0,0.5435869051371787,1.0
0.4601062689082746,0.29551261817153907,0.6210780624287323,0.7296820600062981,0.40349085622884495,0.5205033220031322,0.7427671852216474,0.6690009518084187,0.4509408185546177,0.7451500676176119,0.20325827862837179,0.5190640354060516,0.838258835027201,0.47079651136679335,0.6967912789292292
0.3096463074024022,0.29551261817153907,0.6714522587612908,0.5897166943736252,0.2086850388943091,0.5150273157957812,0.9307368393121451,0.8684311167656279,0.3857052738930934,0.5044012341870959,0.7886240049933062,0.5159136680511661,0.710464450634306,0.6195563572060733,0.6069291342609098
0.9228550228852413,0.6153317703359429,0.8988095004615744,1.0000000000000002,0.6461746002799735,0.8310083490862941,0.4180986230220015,0.5824060391789896,0.8333572169766188,0.4865566522216359,1.0,0.7953398034892357,0.47136759118120863,0.7084784135761255,0.8522874482379394
0.8237367691002477,0.9793059313622919,0.8753731163076928,0.2261336350642154,0.3208823769340732,0.8990617384876852,0.6254879310606702,0.6273692790792051,0.7985129001231321,1.0,0.20110523197747754,0.5755881654425324,0.6669821387005679,0.500698489146766,0.995414634831816
0.0,0.0,0.4143615842857973,0.6281032719115933,0.006911303653235001,0.37009075699133165,0.0,0.7396048980451884,0.6663245075410364,0.2979221873508703,0.7540272166681161,0.49336008524658015,0.5934048381895152,0.4916315087277641,0.30263638373737267
0.6071471378159728,0.7155761344588917,0.5916948387257038,0.660547017813116,0.34934198119045895,0.6871409173850656,0.08134140791972977,0.36671698253053586,0.9334752163487854,0.9026090409704801,0.07420784569802125,1.0,0.09964296498237776,0.7964226830967497,0.30263638373737267
0.0,0.0,0.4847306646565565,0.6350349460616389,0.0,0.4887713523348017,1.0,0.6656614759092384,0.29612758445979503,0.384723572055809,0.6541194780459055,0.5246126655418452,0.5207480017616748,0.47422061515338065,0.4491040871498052
0.3096463074024022,0.29551261817153907,0.0,0.5696122969360875,0.3239896809450056,0.4141761753506207,0.22896484313461496,0.0,0.5263816106255548,0.2972213819714715,0.0,0.0,0.0,0.0,0.0
0.0,0.0,0.0,0.9641886942958482,0.3239896809450056,0.182473294669863,0.6215286360014961,0.0,0.2249645497878307,0.4482721134624138,0.0,0.0,0.0,0.0,0.0
0.8237367691002477,0.9793059313622919,0.8065946015144618,0.655189536762956,0.3093787286778904,0.9116562789580086,0.4591102457363677,0.4909618768444309,0.8880891327908667,0.6281872026340166,0.805412834508232,0.7911006404354668,0.2814185753805607,0.6298904661895954,0.8023160230547153
0.5901333938260933,0.6153317703359429,0.512772793277893,0.5198101373131596,0.7706346455212363,0.5452644111659186,0.09280164244745337,0.23136028079584647,0.7562718450798978,0.4567422317075063,0.5121086246748104,1.0,0.22084104750983907,0.6529950621473595,0.30263638373737267
0.0,0.0,0.4365778449199713,0.6485973967753785,0.7752935386700417,0.5693048571627559,0.05786541793192801,0.11905102945749879,0.8241732566593042,0.6340814081540185,0.1002951935717698,0.9315531008080619,0.3481779060834225,0.4070190394211966,0.4491040871498052
0.3997684021488455,0.4460923466303003,0.0,0.6993626120100755,0.7984148001997589,0.2932504778258258,0.18112366698231014,0.0,0.43037870018463403,0.942179744949561,0.0,0.0,0.0,0.0,0.0
0.7352538494516623,0.6153317703359429,0.5984976295669866,0.5424235925927913,1.0,0.48926792036751793,0.2246734615822054,0.22529100777683886,0.6021803132517898,0.4957360419352033,0.6313974882654216,0.9591711573638095,0.6693150647190804,0.5666820150802638,0.5413655634904161
0.717597367320751,0.544050886024838,0.9672678745405439,0.6902074584391399,0.4349013301709127,0.7588214175486037,0.6777207840824837,0.8961398221487382,0.6596822943862215,1.0,0.27125934517997213,0.5222434041629129,0.8515970856194024,0.6539036902075179,0.9692095871786861
0.3096463074024022,0.29551261817153907,0.0,0.5696765253413548,0.8409370094476153,0.28000272281569827,0.45463036834884013,0.0,0.33354360649249676,0.41507351797641895,0.0,0.0,0.0,0.0,0.0
0.3997684021488455,0.29551261817153907,1.0,0.6411529121086869,0.0,0.6037778138255488,0.8775226039139166,1.0,0.4681133544638011,0.8262517052309456,0.865642257773591,0.15887367218325227,1.0,0.5774404372403421,1.0
0.0,0.0,0.7971215002653607,1.0000000000000002,0.0,0.45290936606381105,0.881090091026189,1.0,0.3615484666550183,0.0,0.0,0.21472262262546385,1.0,0.5794046215617162,0.8373680164562797
0.678623864231944,0.4460923466303003,0.841653314333372,1.0000000000000002,0.2325697016495156,0.4955964042555427,0.43883130587083,1.0,0.5204254105015045,0.8414864905822732,0.4600802934267077,0.33833439348103156,0.9983954714055827,0.6606921159352173,0.820823045409192
0.6331907256404057,0.785141694382745,0.9014350504876981,0.5651358791433475,0.009080837740190417,0.9611497605588606,0.759644700969752,0.7720039898886306,0.7900884739144695,0.6969351275631811,0.8585144667643565,0.5336134285560674,0.510139695214117,0.5588875187536709,0.9749477592533617
0.8484449901849405,0.879375948873315,0.9531079931106714,0.6675975611354267,0.21860158556242476,0.9703161515156814,0.8466234530944803,0.730094548996713,0.7545848714466564,0.7488314709448392,0.8636673228612992,0.500649675965033,0.7503362496874841,0.4926945985651648,1.0
0.717597367320751,0.879375948873315,0.8018606903278573,0.689105531395017,0.706414804956835,0.6790818854649237,0.44788370751762013,0.5884327965385828,0.6797079342260456,0.6659861162386325,0.7165589574670967,0.57312945783243,0.9249596751911817,0.4728410063138455,0.9430412160743602
0.506686058351696,0.6153317703359429,0.0,0.556269874121022,0.9074035011024584,0.4218149901935783,0.23069400181354033,0.0,0.5329917111381105,0.2985863669693071,0.0,0.0,0.0,0.0,0.0
0.6331907256404057,0.6153317703359429,0.8890045740144312,0.6207229970405955,0.705189110147189,0.5962064519009348,0.5729840342855668,0.8658116997853202,0.5622304256579963,0.6577227277837898,0.8997714435390082,0.5312728999702687,0.9705202409682827,0.6356813823448622,0.9001553962223833
0.3997684021488455,0.4460923466303003,0.0,0.589993654589457,0.556375272277758,0.43332165105653664,0.40288691969722845,0.0,0.4777654517638886,0.42288011360574923,0.0,0.0,0.0,0.0,0.0
0.3096463074024022,0.29551261817153907,0.0,0.5699326046970911,0.1257138770738046,0.46874348807140037,0.33022728141470353,0.0,0.5351143400790667,0.0,0.0,0.0,0.0,0.0,0.0
1.0,0.928885384223006,1.0,1.0000000000000002,0.4047849764307405,1.0,0.41335539143821914,0.665825936254421,0.9999999999999998,0.9661407525562977,0.654651335929757,0.6984245149329469,0.4799955899177287,0.6629316764007955,1.0
0.9504329295663483,0.9428630314610174,0.8541715660428687,0.7436207263649052,0.6001552196114046,0.8886741653443996,0.4844400786265869,0.45311469705685103,0.8540914225419323,0.8537459079563621,0.4659554206560415,0.7908718275496435,0.446424854251056,0.6000132604972691,0.8896272260056844
0.9504329295663483,1.0,1.0,0.36374546114859097,0.6674046683726075,0.8624723061738078,0.513670487577508,0.7116029858836768,0.8163810507160869,1.0,0.3353366763992099,0.6105715967897724,0.8438780441133921,0.5984527138689786,1.0
0.3096463074024022,0.29551261817153907,0.0,0.6947300502655258,0.10437342609906114,0.1324694261343311,0.6816556666746295,0.0,0.17873073315198568,0.4844354160296733,0.0,0.0,0.0,0.0,0.0
0.0,0.0,0.0,0.5693222909839782,0.3061390902480753,0.40696895056562776,0.4770829634412366,0.0,0.4331653644561175,0.29819350752867463,0.0,0.0,0.0,0.0,0.0
0.506686058351696,0.4460923466303003,0.6534561515359658,0.5643523747053006,0.41596263873210443,0.6344099009133791,0.47836669890385336,0.5328644989884747,0.6279573206463875,0.7340093745500157,0.2647924626804371,0.7267702123649418,0.43649232168218943,0.5922661546758504,0.6069291342609098
0.3096463074024022,0.29551261817153907,0.0,0.5807010713830345,0.0017708858244907533,0.49844095029282587,0.6618492715449082,0.0,0.45673432724444246,0.22490825934276554,0.0,0.0,0.0,0.0,0.0
0.6568679911075299,0.8130319488203048,0.6925002464326314,0.3822921694141744,0.7402463964756935,0.6064118612844692,0.2835130278849275,0.47333153491236524,0.6866301862089043,0.5108840226457353,0.8190906962682756,0.8241305735814399,0.4936841888177345,0.6521690348195897,0.6069291342609098
0.4601062689082746,0.544050886024838,0.0,0.5558415342843571,0.32444299772795676,0.6190749415954668,0.37764675297449046,0.0,0.6543990371346613,0.6526885905411625,0.0,0.0,0.0,0.0,0.0
0.0,0.0,0.0,0.611818702830521,0.2580966879206347,0.35699652429088446,0.2700814958040796,0.0,0.4547453560619292,0.4224148266926583,0.0,0.0,0.0,0.0,0.0
0.6987846545735357,0.8595943926623353,0.908940278368054,0.5767482075367736,0.1722519001556089,0.8491905604274977,0.2837217258564981,0.8241479715334823,0.9292163152514142,0.5460727239091682,1.0,0.6343104306478757,0.44119643834915073,0.7237279772678564,0.8522874482379394
0.3997684021488455,0.4460923466303003,0.5451643712671246,0.569030767418281,0.1366496182017204,0.5680299695715518,0.48763180857127625,0.5703965795771849,0.5668041151244515,0.31414661144244826,0.9696844964265263,0.6748874803050476,0.3504668489679829,0.5644159753062503,0.4491040871498052
0.717597367320751,0.879375948873315,0.7634659918669784,0.6645378188734054,0.4140375303148083,0.7700412562670218,0.4398719326115447,0.5441454980550168,0.7660724574376696,0.688814727513065,0.5764235148163054,0.7639858862347381,0.37405965529561447,0.6415855676326778,0.7296827134700369
0.678623864231944,0.29551261817153907,0.0,1.0000000000000002,0.1257138770738046,0.026666869325987608,0.09291741817475618,0.0,0.18785466521442112,0.19595057496534946,0.0,0.0,0.0,0.0,0.0
0.6071471378159728,0.29551261817153907,0.0,0.8352010504318589,0.3466243896476726,0.6426409949299912,0.27242690525676116,0.0,0.7282261969648529,0.7384021257259812,0.0,0.0,0.0,0.0,0.0
0.3096463074024022,0.29551261817153907,0.0,0.6983883436529751,0.0,0.06288689191178198,0.9646427107211637,0.0,0.08733654379125722,0.31740491757313805,0.0,0.0,0.0,0.0,0.0
0.9031939912570269,0.6153317703359429,0.828694021878454,0.7736430168945085,0.6959918901883408,0.8057279114527136,0.2953298275998151,0.46053611541471584,0.8775457603880223,0.6902829236707522,0.7259368053266655,0.863122555364729,0.3938769790542731,0.6852716158372567,0.7814013379078153
0.0,0.0,0.0,0.6803861832931991,0.0,0.25111782701386276,0.9268443499762428,0.0,0.21516461287294525,0.32434373394626453,0.0,0.0,0.0,0.0,0.0
0.3096463074024022,0.29551261817153907,0.7708446783567457,0.6226720112830715,0.0,0.5527059057716788,0.603616481411328,1.0,0.5168031085931544,0.6514936757463471,0.6761783327248969,0.47978128514344287,0.617050852795345,0.7802318724643416,0.6069291342609098
0.3997684021488455,0.29551261817153907,0.7906909058837289,0.7710735431990781,0.4206188746208291,0.4887713523348017,0.8779640213873798,0.9922530614468406,0.3872698966845505,0.691617767039687,0.6353314283238585,0.36223116070578104,1.0,0.555033891529932,0.8522874482379394
0.3096463074024022,0.29551261817153907,0.0,0.6539092623264603,0.0,0.37622805126054293,0.822032472595088,0.0,0.32502632992250396,0.4627644899212573,0.0,0.0,0.0,0.0,0.0
0.0,0.0,0.0,0.9327976536083615,0.2519929894949092,0.0,0.4169243422352271,0.0,0.09425133991636997,0.6996409574165768,0.0,0.0,0.0,0.0,0.0
0.3997684021488455,0.4460923466303003,0.9418570604470309,0.5795770022042486,0.20679455434555652,0.5810044033225539,1.0,1.0,0.3422680894227043,0.8537374703919162,0.6597988406312338,0.32549658999583647,1.0,0.6752835465838334,0.9275433263541737
0.506686058351696,0.6153317703359429,0.0,0.48388286069171244,0.9714342344764948,0.3053014231841462,0.5831608833020092,0.0,0.3256117604032599,0.5573371595440089,0.0,0.0,0.0,0.0,0.0
0.7352538494516623,0.6153317703359429,0.4628871017095519,0.5567687058190259,0.31992936632333224,0.8346835347413477,0.34610016665844967,0.0897468401002009,0.8757386427620569,0.0,0.0,1.0,0.0467234170551547,0.5688355893910542,0.30263638373737267
0.9031939912570269,0.7530817929611411,1.0,1.0000000000000002,0.46478554606459827,0.8721963104214943,0.6504399775699687,1.0,0.7648363720122696,0.9769335947894788,0.9025662060143631,0.4376228368907805,0.9782378761953379,0.6872952925259264,1.0
1.0,1.0,1.0,0.760345194834422,0.7652459092023447,0.9674215071530201,0.2497778056978474,0.7449382594421894,0.9999999999999998,1.0,0.4405416409730151,0.6753297197602436,0.8030499627320468,0.7018693970321477,1.0
0.0,0.0,0.5898259690210153,0.6019770604025942,0.015901045400980696,0.16823857781202223,1.0,1.0,0.08290259368500907,0.5605879740579042,0.4438423837235391,0.13448002196414877,1.0,0.6353289590724625,0.4491040871498052
0.3096463074024022,0.29551261817153907,0.5749807132986501,0.6388886653588588,0.0015060440383419804,0.4110138446561067,0.6274799234170304,0.9665146770702888,0.3975848329511551,0.34134970506081397,0.9616179159390132,0.4295107808417346,0.7312549552711198,0.6113518490372432,0.4491040871498052
0.4601062689082746,0.29551261817153907,0.0,0.5699326046970911,1.0,0.2717856655119508,0.3539167657438589,0.0,0.35147932111396807,0.2803149600217541,0.0,0.0,0.0,0.0,0.0
0.678623864231944,0.6153317703359429,0.9109392811180711,0.675649913389743,0.5860329624828637,0.6830605092883968,0.18031117457645413,0.8400008097159319,0.8305515783938898,0.9378633606714022,0.4482638643134067,0.672343262498475,0.6632736362570133,0.7889939773424511,0.8023160230547153
0.4601062689082746,0.29551261817153907,0.0,0.851482693774694,0.3239896809450056,0.37113134450499297,0.35589068513754185,0.0,0.4379856958818364,0.38355540688735756,0.0,0.0,0.0,0.0,0.0
0.3997684021488455,0.29551261817153907,0.0,0.5644206957110434,0.0,0.722216015602222,0.5423658655123099,0.0,0.6802131200943488,0.26122852159255405,0.0,0.0,0.0,0.0,0.0
0.6331907256404057,0.785141694382745,0.7115220364423167,0.5228409274779353,0.5481790395879398,0.662558977825973,0.36174324852046447,0.5326861993753165,0.7020897741000119,0.55252702201819,0.7647682522239717,0.7309704038237066,0.5182842332358908,0.5966425906631605,0.6967912789292292
0.3096463074024022,0.29551261817153907,0.5686741353035362,0.5781835498521792,0.4476083054213973,0.41956184343233205,0.8696708009757139,0.7298233794262363,0.3421691232199793,0.42532359805192144,0.7529064995981407,0.6005371177522003,0.7072653392980762,0.6012886263186941,0.4491040871498052
0.6071471378159728,0.29551261817153907,0.0,1.0000000000000002,0.15324046599868088,0.45954327056474725,0.7209585333823104,0.0,0.41106417036152654,0.9628216317777794,0.0,0.0,0.0,0.0,0.0
0.0,0.0,0.0,1.0000000000000002,0.38076280498624293,0.4387799444808186,0.3404965574157217,0.0,0.5038791503626932,1.0,0.0,0.0,0.0,0.0,0.0
0.3997684021488455,0.4460923466303003,0.0,0.5611750101913597,0.9074801302544204,0.3361645146627734,0.17771741191120854,0.0,0.47433154119437543,0.42341747682913927,0.0,0.0,0.0,0.0,0.0
1.0,1.0,1.0,0.5595992686582644,0.6154764913257974,0.9579851920008564,0.0680208917940559,0.6854920812590566,0.9999999999999998,0.9104896159966122,0.7716637769495183,0.7267905729442138,0.576811200985389,0.7130301293917334,1.0
0.5781058747409289,0.7155761344588917,0.0,0.5962756202985398,0.907764080064741,0.4698587676031935,0.34112093406072963,0.0,0.5319598650940659,1.0,0.0,0.0,0.0,0.0,0.0
0.3096463074024022,0.29551261817153907,0.0,0.689228003838287,0.014494120311758119,0.2134698777944133,0.49908940686583286,0.0,0.2703603334869253,0.7290999302109632,0.0,0.0,0.0,0.0,0.0
0.678623864231944,0.8376372478616594,0.0,0.614555078844161,0.7390709149888789,0.6371165246156664,0.7389666335774978,0.0,0.5411802395511509,0.8197532578415268,0.0,0.0,0.0,0.0,0.0
0.3096463074024022,0.29551261817153907,0.0,0.6844447675241305,0.0,0.25358775756215574,0.3066760784878584,0.0,0.34855088788894073,0.5829429998645147,0.0,0.0,0.0,0.0,0.0
0.3096463074024022,0.29551261817153907,0.0,0.5666537322880271,0.0,0.5102577248096346,0.6677226786615176,0.0,0.4643201202629201,0.34262116309714225,0.0,0.0,0.0,0.0,0.0
0.3997684021488455,0.4460923466303003,0.5237828229250933,0.6374612877365201,0.3239896809450056,0.4670565560732927,0.22911761728937174,0.60579647258772,0.5779671731318557,0.397892029377763,0.718854740358108,0.7480227777434987,0.34761025173377813,0.6722385266692519,0.30263638373737267
0.3997684021488455,0.4460923466303003,0.41660302356450085,0.5588244109027152,0.48280715032138266,0.4989105433020448,0.42311445127874037,0.2559104721769261,0.5286048103882461,0.4657299533271106,0.2660597720514541,0.8506654377423322,0.28901303403188205,0.4950983818208451,0.30263638373737267
0.8237367691002477,0.8973415826198019,0.8077255595015991,0.6577710430463216,0.9437333225370557,0.6232013010606708,0.14292948606209954,0.4966387909179495,0.7964976210301536,0.8908757919423334,0.3190962332711415,0.7387500286156858,0.8739073060888214,0.5780911672188145,0.8522874482379394
0.7300999973167764,0.6706946317860978,0.6405090782388005,0.5476954374331129,1.0,0.5175757044767126,0.13218212669305424,0.29156217238688237,0.6906778869347219,0.4413895063315383,0.8704164798071897,1.0,0.2593021531893791,0.891663557401521,0.30263638373737267
0.6071471378159728,0.7530817929611411,0.6500752960570495,0.6399578300312067,0.7877497753275464,0.5818979701189897,0.5340781769802552,0.4013176774965175,0.5630253290268372,0.45067081586853697,0.8682376688836574,1.0,0.1788981753697382,0.9109282969861225,0.30263638373737267
0.7676777553453626,0.544050886024838,1.0,0.6115549551676787,0.48221271374503727,0.8325772044475456,0.6736376664367545,1.0,0.7220128844661545,0.9938658588181205,0.8180880983304106,0.627730459954926,0.6764165747886519,0.9379902623087049,0.9501276401851777
0.4601062689082746,0.4460923466303003,0.5922296296950812,0.5656441615512943,0.7625856531817419,0.6037778138255488,0.7270474595064967,0.2846330994674,0.5192656628600218,0.4170163111094498,0.8302285162922871,1.0,0.15797762271187282,0.7974386591811183,0.30263638373737267
0.8736365801500525,0.9428630314610174,0.5480313839507102,0.7722996434586448,0.5087163148544471,0.8673026261995571,0.15178219701124396,0.10384520660819363,0.9999999999999998,0.6721329708490029,0.18395965749914528,1.0,0.07828100744758987,0.5688586462637569,0.4491040871498052
0.0,0.0,0.0,0.646475705379287,0.0,0.48926792036751793,1.0,0.0,0.12040351364468305,0.2610447929362043,0.0,0.0,0.0,0.0,0.0
0.3096463074024022,0.29551261817153907,0.0,0.6910640102046508,0.0,0.1990130235741424,1.0,0.0,0.14319850746862722,0.4462319734945095,0.0,0.0,0.0,0.0,0.0
0.8106332976399246,0.9679633830625647,0.9521387618150878,0.6873899610474207,0.5814657945170576,0.7781933649019316,0.4807081223981138,0.7817918829363063,0.7551653624463758,0.8028267096533281,0.772969744449512,0.74970639060904,0.5071424607963088,0.8320305865421654,0.820823045409192
0.6071471378159728,0.29551261817153907,0.0,0.5632890457157279,0.7252536785841875,0.5758597752300185,0.37067789454545547,0.0,0.6174702641833505,0.620662314460562,0.0,0.0,0.0,0.0,0.0
0.678623864231944,0.29551261817153907,0.5207281877001858,0.0,0.8496307226640927,0.45042939601676685,0.5523187377432374,0.33324913217623653,0.44839469025704737,1.0,0.022255286059054635,0.9490536836775145,0.3824670209341439,0.6668750672847301,0.30263638373737267
0.3997684021488455,0.4460923466303003,0.0,0.684788651632327,0.0026377689536380977,0.526218169364234,0.5149767887138674,0.0,0.5221590528624979,0.5290815991898785,0.0,0.0,0.0,0.0,0.0
0.4601062689082746,0.544050886024838,0.6786676061627385,0.6575456922508645,0.46860281045041247,0.5294037304447291,0.353032734352991,0.7332297390187297,0.5819135918069556,0.6822330386978047,0.39465682321010637,0.6762990512077044,0.5672071143928527,0.6928509108215966,0.5413655634904161
0.3096463074024022,0.29551261817153907,0.0,0.5705669668632939,0.7939084620470493,0.374210190137252,0.3218898146837823,0.0,0.4519343124012322,0.7567368868206121,0.0,0.0,0.0,0.0,0.0
0.3096463074024022,0.29551261817153907,0.7627485284411034,0.6925313722451886,0.3239896809450056,0.12509840188462978,0.9225349101814699,1.0,0.1362761338235392,0.836072282760921,0.31346484224780885,0.22381359505168608,1.0,0.9999999999999998,0.30263638373737267
0.506686058351696,0.4460923466303003,0.0,0.7333961960007405,0.3239896809450051,0.6050992921683157,0.3699146567944862,0.0,0.6447812338165325,1.0,0.0,0.0,0.0,0.0,0.0
0.8237367691002477,0.9793059313622919,0.6602734637527021,0.08600800415756515,1.0,0.5740100957142695,0.15876072796981233,0.238191480315867,0.7307328208714863,0.47495529598669123,0.834000735556355,0.9808296501914968,0.5662417228375406,0.6025400933877472,0.6069291342609098
0.678623864231944,0.8376372478616594,0.7707492598675225,0.5731934275420872,0.32215195116428447,0.7799276749136267,0.4991577399770831,0.5929058525879238,0.7487001585550305,0.646033072833801,0.6881090462058159,0.7397759739583528,0.35897465917459787,0.6525161610833369,0.7296827134700369
0.0,0.0,0.489641306630895,0.4452207441299265,0.6518083352517254,0.28000272281569827,0.5617431887072205,0.7603502497901199,0.3103920416076609,0.3440730849476126,0.7971802088709877,0.5897987888780372,0.8685146178406484,0.6133578582054336,0.30263638373737267
0.0,0.0,0.8415927715881604,0.7775751705167756,0.0024957698823758756,0.6837758570248962,0.6096305813529005,0.99202233844194,0.6226509150449682,0.64478066054851,0.841676567158157,0.3356784418057861,0.9186999842928096,0.5217776983101322,0.9430412160743602
0.5451233187402219,0.6706946317860978,0.0,0.5461905986292759,0.9765379172621425,0.41260297416821523,0.13583463741872293,0.0,0.5763363035972555,0.42453149974646204,0.0,0.0,0.0,0.0,0.0
0.5451233187402219,0.6706946317860978,0.763497689702984,0.5213077854893374,8.525986860069557e-05,0.7729099881804427,1.0,0.7713916366520529,0.48653499884629925,0.8372049258221501,0.31324346718583557,0.5264947588355258,0.5169495779492803,0.5505076312065303,0.820823045409192
0.9504329295663483,1.0,0.9939930665057137,0.6444511652178213,0.8655914969408889,0.7602076786211129,0.042889273269637096,0.6966605150560639,0.9999999999999998,0.7008316186912545,0.9738450828112777,0.8648071200249465,0.5410347748924459,0.9018277015090728,0.820823045409192
0.4601062689082746,0.4460923466303003,0.5581695963410731,0.6412799647579911,0.31665166574198333,0.5438120904408072,0.7450334679409647,0.5411648221108067,0.46787456577671127,0.5962698122852802,0.30360073850344366,0.6392190248999973,0.5325421085287101,0.507445081134512,0.5413655634904161
0.9131630147899868,1.0,0.9577914150274556,0.5822752787624774,0.48064939401659057,0.914247449578413,0.6497471419543008,0.669335501652446,0.8007944395175308,0.8533673132100432,0.6950642196557637,0.6279727177205698,0.6747612478032639,0.5857879177703373,1.0
0.678623864231944,0.8376372478616594,0.6964680017230803,0.6025137926183532,0.48804001806158576,0.7053147308358771,0.4733151944358102,0.4705176930767859,0.692814242110353,0.573871423534221,0.6778174795702727,0.7251876390722862,0.4869018325794833,0.544936552197058,0.7296827134700369
0.3096463074024022,0.29551261817153907,0.4941652123931989,0.5681480274014419,0.7877497753275464,0.6123385621966128,0.2120871406159987,0.13925570402048898,0.7337781296682505,0.3839853989301913,0.6826777491834757,1.0,0.15052686423491893,0.6210258937581948,0.30263638373737267
1.0,0.9137709269953186,1.0,0.6392451826941821,0.6503970162748169,0.9274524823307073,0.6319594414337963,0.961311438613975,0.8200370627920371,0.3439480981119878,1.0,0.5206556493375996,0.9603627201564406,0.7232720248126465,1.0
0.9504329295663483,1.0,1.0,0.5397833703024828,0.6886990675334941,0.851837548837242,0.5208166131443773,0.9300850409706876,0.8035549947073879,0.9495182777689926,0.9039866928339437,0.5288486403842279,0.9667246866070831,0.6979585638857763,1.0
0.0,0.0,0.664494836097367,0.6866541657999936,0.3239896809450056,0.40112357816243,1.0,0.9792133083872785,0.18302355087340128,0.7889980476123241,0.21600853963021685,0.5328345013450677,0.7588323030841302,0.7621661955572092,0.4491040871498052
0.5781058747409289,0.7155761344588917,0.6103507793481581,0.672756308392815,0.17543357437584153,0.7088343471883279,0.28765385182989495,0.45963318177546075,0.7852501192265684,0.6209468391457018,0.36424062457858036,0.7714967510805628,0.2435794473632586,0.5846272649225638,0.5413655634904161
0.7519063213676365,0.6706946317860978,0.6628006560401233,0.8049546037779775,0.45377436508615177,0.7687142128176012,0.32826344137432717,0.34058641505393417,0.8212124334144242,0.4457632408564719,0.9010421480645151,0.9427098561334937,0.1826169955996164,0.6669812301501188,0.5413655634904161
0.3096463074024022,0.29551261817153907,0.0,0.6773043706997098,0.09682024867366706,0.26964743713883277,0.49689495484076307,0.0,0.3157527750570784,0.7119401456131056,0.0,0.0,0.0,0.0,0.0
0.0,0.0,0.0,0.5708813388082353,0.1257138770738046,0.30693856743564785,1.0,0.0,0.21476321087416128,0.5586907130309776,0.0,0.0,0.0,0.0,0.0
0.6071471378159728,0.29551261817153907,0.0,1.0000000000000002,0.8731633089821201,0.28197864868060885,0.294870100517566,0.0,0.3775124948923366,0.576739858808364,0.0,0.0,0.0,0.0,0.0
0.9504329295663483,1.0,0.8841628508776711,0.6120823368609029,0.5546856712264395,0.9115226858459532,0.17995533998484659,0.5023097283243039,0.9999999999999998,0.8664200029226712,0.5090282557725327,0.7249320798812193,0.534531409425424,0.567798858843678,0.9501276401851777
0.6987846545735357,0.4460923466303003,0.77838269122324,0.5736480428511037,0.4964840052532233,0.7345404268457274,0.5208203090973861,0.5802305318831329,0.6994615295047584,0.8481409602568502,0.3246757052248397,0.733497191461012,0.4774293714771238,0.6355343763915416,0.757473356796403
0.6568679911075299,0.7530817929611411,0.7679218857366228,0.6846904065939223,0.0874695629742207,0.8345011090472407,0.7375876782486329,0.6436786919040658,0.6974665032251379,0.5317205345827865,0.9141118827904605,0.7010397835864023,0.28545643096685813,0.6482629496968177,0.7296827134700369
0.5781058747409289,0.7155761344588917,0.5438764640975956,0.5573020668739057,0.44903942141279013,0.667636244238514,0.4211135347273318,0.26674874302178325,0.6804915122300818,0.6382377621842711,0.2171886342868365,0.9104976664691607,0.2094499706209412,0.5624251196132792,0.4491040871498052
0.7453573835463907,0.7530817929611411,0.0,0.6405936897609685,0.9080775310049573,0.5959304872804353,0.19890737136460251,0.0,0.7254671069295838,0.8848913300809215,0.0,0.0,0.0,0.0,0.0
0.6331907256404057,0.785141694382745,0.7689265196785041,0.5809882141066545,0.47077752745891643,0.6827019195337765,0.4138916367995012,0.654305027506197,0.6973744030673559,0.6972799060426906,0.5713575908648604,0.7237684703208129,0.47777948867389874,0.6832713258543509,0.6967912789292292
0.6071471378159728,0.29551261817153907,1.0,1.0000000000000002,0.3239896809450056,0.5158808560302057,1.0,1.0,0.250710648516563,0.7309760907496192,1.0,0.144077527456761,1.0,0.6800765460778031,1.0
0.5451233187402219,0.6706946317860978,0.5552633084712955,0.6233205625913872,0.3503416160844956,0.6279483949768536,1.0,0.38095514471088515,0.409969042292163,0.4756410196195302,0.5725986543777001,0.8269458058281522,0.2570973879840136,0.5801315594744091,0.4491040871498052
0.6071471378159728,0.29551261817153907,0.5821298594670775,0.9832165373662755,0.6773863549755159,0.5241980654715891,0.416175548545204,0.4321356246629434,0.5533528130270176,0.5656980145550295,0.41427022063117297,0.6965426068774128,0.6875258057492805,0.48942997724581905,0.6069291342609098
0.4601062689082746,0.544050886024838,0.6820581495720056,0.0,0.1759846099267342,0.6108096934324013,1.0,0.7556088368085468,0.4026262321824,0.6294577459427326,0.5104417512769592,0.5407155180240447,0.6317032426301035,0.5542256664405233,0.6967912789292292
0.506686058351696,0.6153317703359429,0.5481056324903524,0.6291336893424626,0.0,0.7176944784631243,0.6376959405159852,0.4234459787292249,0.6407073663066367,0.38252435557280456,0.8235312132835582,0.9180210401996911,0.08464565283271624,0.7156224657990495,0.30263638373737267
0.3096463074024022,0.29551261817153907,0.4417875497404998,0.5808446959664453,0.0,0.4989105433020448,0.20897786338185503,0.5491817458550101,0.620355370405525,0.2699398792968433,0.9062376253333188,0.6607202125956798,0.28901303403188205,0.5347096512211887,0.30263638373737267
0.6331907256404057,0.785141694382745,0.8679645608095597,0.6253922803574443,0.5305544076513904,0.67614007715454,0.3020416312295017,0.8084853874089506,0.7449788944550217,0.717080283460394,0.7576036313333383,0.6853582295176279,0.5945878921705623,0.7738997414759162,0.757473356796403
0.0,0.0,0.0,0.5691281041185255,0.0,0.3914662663002413,0.9351270101905605,0.0,0.30253161737606266,0.31700819297748184,0.0,0.0,0.0,0.0,0.0
0.3997684021488455,0.4460923466303003,0.7206684484311234,0.48149647143953767,0.20459858269548048,0.522974961594782,0.4802729902728512,0.9352055707174924,0.5304927049776703,0.49542664955523774,0.902953389622575,0.5740301414492761,0.5830730119239571,0.7635049349634804,0.5413655634904161
0.0,0.0,0.0,0.5696122969360875,0.3239896809450056,0.4077863540185388,0.5009265561079467,0.0,0.42733896911749025,0.3320413988912661,0.0,0.0,0.0,0.0,0.0
0.9504329295663483,1.0,0.8555085841473755,0.518078694414078,0.7380541986303117,0.8312859549996903,0.200396906445529,0.44861705721501655,0.9734932906008138,0.7991354043098592,0.567898116421172,0.8684485384392044,0.4160561685082935,0.6811685931326601,0.820823045409192
0.4601062689082746,0.544050886024838,0.0,0.6478148699667582,0.9126263991147773,0.353531817602887,0.12990369551077696,0.0,0.5184206670745954,0.5326275567796559,0.0,0.0,0.0,0.0,0.0
0.4601062689082746,0.544050886024838,0.6298457707075666,0.6790309566064038,0.5261379681179421,0.4647805705053883,0.2918672231156716,0.7249963218230538,0.5469203160445337,1.0,0.031194037993665436,0.6897153373224811,0.5825649836447031,0.7020046820048282,0.4491040871498052
0.506686058351696,0.6153317703359429,0.7506385446553556,0.5674871435743478,0.0,0.765791590904016,0.6220468844193022,0.757958277060903,0.6866678133562905,0.4235486099957911,1.0,0.5756449878149119,0.4219556989907085,0.5952150896773245,0.757473356796403
0.3997684021488455,0.4460923466303003,0.425606594001684,0.4852730251687494,0.9754116509402626,0.30196671337348074,0.4321289568086818,0.3160547212373148,0.35712858430981953,0.4639738591497423,0.28701070381042,0.8091025431921657,0.8054231515743493,0.5091204731578908,0.30263638373737267
0.3997684021488455,0.4460923466303003,0.7071783307176285,0.6284898269095148,0.02135410436230295,0.6151109148522377,0.6017877207631873,0.8750966016091513,0.5684509259521634,0.30538438480279945,1.0,0.6073264956336253,0.3829231876724595,0.7404654524274674,0.5413655634904161
0.3096463074024022,0.29551261817153907,0.0,0.6700056902456433,0.0,0.32519819642657916,1.0,0.0,0.22881016834710743,0.5207122945414405,0.0,0.0,0.0,0.0,0.0
0.0,0.0,0.0,0.9526812402263848,0.3239896809450056,0.5547779372647111,0.9529327113309918,0.0,0.40198952988218084,0.7072111817042812,0.0,0.0,0.0,0.0,0.0
0.8363258534258589,0.6706946317860978,0.839710497217327,0.6565436316583596,0.749969532305122,0.7598304537406444,0.2891642140384818,0.5100403546522273,0.835253371885425,0.9444095411319566,0.30615989670319904,0.8643081527007922,0.43211730943132565,0.7288976331754486,0.757473356796403
0.3096463074024022,0.29551261817153907,0.6695841404740339,0.6602971812655539,0.0,0.35926147119682833,1.0,1.0,0.2253192344896522,0.747873723996356,0.2729680147358478,0.23354325004905074,1.0,0.5717698651824397,0.656903934204975
0.9131630147899868,1.0,1.0,0.6600472954259667,0.5714583475939496,0.8758424775283573,0.5900009644113218,1.0,0.7940088676718717,1.0,0.4751581022359417,0.3823544684916559,1.0,0.6083846128187906,1.0
0.9031939912570269,0.4460923466303003,1.0,1.0000000000000002,0.30705212831456213,0.9594889246562651,0.43507569805563706,0.8520254981518254,0.9461163903344113,1.0,0.34747363205132314,0.5843033531569658,0.6383389950847418,0.687835926608623,1.0
0.717597367320751,0.879375948873315,0.0,0.5380280498856054,0.7107696405489179,0.6722148855070654,0.1650761662790673,0.0,0.831149999753666,0.4525771850037552,0.0,0.0,0.0,0.0,0.0
0.717597367320751,0.879375948873315,0.8068743350158156,0.6790556078392114,0.0868205992456424,0.900112248508796,0.3621222370183921,0.631248055114759,0.9305845708271789,0.6606502693213907,0.7391595794070291,0.5773215096486157,0.48608383894906015,0.5050587868461318,0.9190305467688253
1.0,1.0,0.9249124264468014,0.6214252304514777,0.5762136623221213,0.9509094065642294,0.298841410194383,0.5137056802559871,0.9999999999999998,0.9657045693500899,0.4342819338130834,0.6888650289616904,0.6221288976764106,0.5387486334861782,1.0
0.3997684021488455,0.4460923466303003,0.5152283377430048,0.6396270220309774,0.3239896809450056,0.483724997295502,0.29834516822203194,0.5548689572758108,0.5620054984956183,0.6221257469628245,0.19560842758887445,0.6414131220164423,0.5334036887319177,0.5189167421551059,0.4491040871498052
0.3997684021488455,0.4460923466303003,0.6463778813774843,0.6448310602218956,0.1257138770738046,0.5217434233680998,0.9130483790406316,0.8553870840464748,0.3973691642507947,0.7620532703055339,0.2199063053370654,0.4014914428985483,0.8816246976586726,0.4772308198649094,0.7296827134700369
0.3096463074024022,0.29551261817153907,0.0,0.5619752568042765,0.9966622673448352,0.2168216891552846,0.0804808042431171,0.0,0.40540327406336824,0.401486966549547,0.0,0.0,0.0,0.0,0.0
0.3096463074024022,0.29551261817153907,0.0,0.5664190454492182,0.6627244185540302,0.33215143037402084,0.35592556178068036,0.0,0.40360278056587295,0.3297758729380378,0.0,0.0,0.0,0.0,0.0
0.3096463074024022,0.29551261817153907,0.0,0.567652877837724,0.0,0.5120070684764442,0.352686637867732,0.0,0.5660754226883791,0.44235111347898104,0.0,0.0,0.0,0.0,0.0
0.0,0.0,0.0,1.0000000000000002,0.3239896809450056,0.06288689191178198,0.5766910265262902,0.0,0.13833385152295918,0.8478237635396491,0.0,0.0,0.0,0.0,0.0
0.678623864231944,0.29551261817153907,0.0,0.5698367346149884,0.8801526704128086,0.5641523854562637,0.2265609842068514,0.0,0.6759238142679049,0.0,0.0,0.0,0.0,0.0,0.0
0.678623864231944,0.29551261817153907,0.7690584722266346,1.0000000000000002,0.0,0.9177271603724377,0.6637163400515943,0.5920639995483448,0.7975632474412238,0.7387631447676817,0.48708157689872034,0.654252098637431,0.29771326819235505,0.5580507603709464,0.820823045409192
0.6568679911075299,0.544050886024838,0.4668796468878048,0.5086312191943779,0.8586836854911708,0.5608583887631048,0.39036634810452864,0.12723308724659732,0.5958675588852815,0.4949899197797314,0.3094521632055786,0.9674452910227485,0.36360322837866427,0.44882857505241125,0.4491040871498052
0.4601062689082746,0.544050886024838,0.0,0.6931423990308166,1.0,0.267473149115096,0.1088203170929159,0.0,0.44155839561979304,0.39558292319783345,0.0,0.0,0.0,0.0,0.0
0.3096463074024022,0.29551261817153907,0.0,0.6203586112218098,0.9422443153277247,0.1990130235741424,0.1869993130090894,0.0,0.3364588374144455,0.2938561257392137,0.0,0.0,0.0,0.0,0.0
0.3997684021488455,0.4460923466303003,0.7363806138943874,0.6716170602687952,0.3239896809450056,0.4414416018500856,0.7146258521016978,1.0,0.3991079685870528,0.47986512711938223,0.9502869828763558,0.40049396490095635,0.9713673763753203,0.6335061160428879,0.6967912789292292
0.0,0.0,0.0,0.5658805876216879,0.0,0.28197864868060885,1.0,0.0,0.0,0.33392113608116547,0.0,0.0,0.0,0.0,0.0
0.4601062689082746,0.544050886024838,0.0,0.5595992686582637,0.006014000856005175,0.6859074088714683,0.22606904110347475,0.0,0.8003466640116546,0.30319979201562425,0.0,0.0,0.0,0.0,0.0
0.9590439828849894,0.6706946317860978,0.8493794526055423,0.5937923392660265,1.0,0.6611703877134815,0.24565777131708444,0.4189032671973865,0.762464873857892,1.0,0.13305937000859247,0.9018505340486374,0.7102504713651175,0.6931243564936018,0.8023160230547153
0.0,0.0,0.0,0.7731717314800235,0.0,0.2027991970459519,0.6755364885421027,0.0,0.2311305032147581,0.3031813008534416,0.0,0.0,0.0,0.0,0.0
0.3096463074024022,0.29551261817153907,0.0,0.5696122969360875,0.34897788772112914,0.4077863540185388,0.3279641032781865,0.0,0.4802426381857434,0.33679275140293563,0.0,0.0,0.0,0.0,0.0
0.0,0.0,0.0,0.5691281041185254,0.0,0.4624731721113049,0.3477765971754869,0.0,0.5227333739981999,0.28034546036539776,0.0,0.0,0.0,0.0,0.0
0.3096463074024022,0.29551261817153907,0.0,0.5679833295038041,0.0,0.5106966912560713,0.3063723025384144,0.0,0.5839557427644214,0.31126742084030234,0.0,0.0,0.0,0.0,0.0
0.506686058351696,0.6153317703359429,0.0,0.5238740949466485,0.9942567438438037,0.3752225222299546,0.3858862215147778,0.0,0.43230895601683583,0.46040114803941623,0.0,0.0,0.0,0.0,0.0
0.506686058351696,0.6153317703359429,0.0,0.6872183052265606,0.7585331470947592,0.444060392276942,0.2639063298085346,0.0,0.5393236997172541,0.4948826294231536,0.0,0.0,0.0,0.0,0.0
0.4601062689082746,0.4460923466303003,0.0,0.931826260345254,0.0,0.046691319903670814,1.0,0.0,0.05672276186968106,0.2505264003072958,0.0,0.0,0.0,0.0,0.0
0.0,0.0,0.0,0.5699326046970911,0.04876277141712165,0.3178809532195985,0.8812830568208622,0.0,0.2703755782969837,0.4043017528583453,0.0,0.0,0.0,0.0,0.0
0.3096463074024022,0.29551261817153907,0.5365701980855032,0.6025137926183536,0.0,0.4902567766270554,0.4110770339082141,0.7724111409937355,0.5250976320641723,0.5518937373283714,0.34193708065300804,0.4575830802979661,0.6667329912313766,0.47686660221270416,0.5413655634904161
0.3096463074024022,0.29551261817153907,0.0,0.5689657886103153,0.0,0.5463461349702957,0.7757322986917076,0.0,0.46057034499154353,0.38608624719336604,0.0,0.0,0.0,0.0,0.0
0.3096463074024022,0.29551261817153907,0.0,0.6646623351625333,0.019267519861632998,0.3914662663002413,0.34671539142983543,0.0,0.4590713772354543,0.4338582822810032,0.0,0.0,0.0,0.0,0.0
0.5781058747409289,0.7155761344588917,0.5237828229250933,0.618899226821933,0.5639152333248024,0.6267722070486232,0.4605407935691383,0.23852195004487384,0.6279519910885467,0.878497132659342,0.049994319674185494,1.0,0.1388180071944328,0.6722385266692519,0.30263638373737267
0.6331907256404057,0.785141694382745,0.7024056911235951,0.6107630226929449,0.0,0.8651407289987091,0.608323794786026,0.5306559255495704,0.7767966791369674,0.6343542322674969,0.5489323511799092,0.7542682260338788,0.18629542726631784,0.6203918234489636,0.656903934204975
0.3096463074024022,0.29551261817153907,0.5457773590379627,0.6687649109140391,0.0,0.35235833912572107,0.9605646257622482,1.0,0.2679828122980001,0.5306558965450376,0.40759380452639765,0.35477583089627757,0.8847140478971576,0.5653645943851191,0.4491040871498052
0.4601062689082746,0.29551261817153907,0.0,0.8684748384602159,0.3239896809450051,0.48626674658378477,1.0,0.0,0.1726765607620282,0.8465817887197632,0.0,0.0,0.0,0.0,0.0
0.6987846545735357,0.4460923466303003,0.6493167022099625,1.0000000000000002,0.0,0.7512362519627951,0.8568608904490602,0.582155149893639,0.583592449565407,0.4693483833053246,0.8241808334564686,0.687181770241658,0.2556995728300405,0.5860659606398033,0.6069291342609098
0.3096463074024022,0.29551261817153907,0.0,0.5693545907754248,0.2150705392759887,0.44340963071652856,0.1785703717413888,0.0,0.5816289595604509,0.3349638286890251,0.0,0.0,0.0,0.0,0.0
0.6331907256404057,0.6153317703359429,0.8004658714704278,0.5026210647167275,0.7617678767571313,0.596757199964641,0.3421938914699434,0.6823735319644155,0.6491362824588552,0.7544696871298827,0.5282772879587696,0.7165170847638707,0.7214489425062984,0.6979848830223434,0.7296827134700369
0.3096463074024022,0.29551261817153907,0.0,0.6870221050073346,0.0,0.23517054304436058,0.5643720319714438,0.0,0.2750601086259985,0.4626725068591949,0.0,0.0,0.0,0.0,0.0
0.3096463074024022,0.29551261817153907,0.0,0.67074962860581,0.007654044158362572,0.31015503812471135,0.30927126059573523,0.0,0.398353450321135,0.6049885476164231,0.0,0.0,0.0,0.0,0.0
0.717597367320751,0.8595943926623353,0.8302501938904663,0.5731022341129501,0.9093457781011772,0.5810044033225539,0.21598121792411,0.6460925928246954,0.6992813123955371,1.0,0.22194425238580287,0.7553857113472461,0.8035198959768954,0.7141116676500037,0.757473356796403
0.3997684021488455,0.4460923466303003,0.0,0.6888605593158927,0.5818192935969705,0.3603809406786834,0.1874050980544409,0.0,0.4935664538017168,0.43432649187136335,0.0,0.0,0.0,0.0,0.0
0.3096463074024022,0.29551261817153907,0.0,0.5696765253413548,0.41748991717467887,0.3905574146755031,0.19994237667126358,0.0,0.5172008796091183,0.0,0.0,0.0,0.0,0.0,0.0
0.0,0.0,0.0,0.5696122969360875,0.0,0.5102577248096346,0.7794951866673199,0.0,0.43270855636539146,0.3273059599222511,0.0,0.0,0.0,0.0,0.0
0.3096463074024022,0.29551261817153907,0.4024243541421331,0.5691281041185255,0.0,0.5106966912560713,0.9603774389044321,0.43775596434105685,0.3692704742557131,0.398435144908225,0.3860690569624802,0.6755670290012199,0.26987779373434395,0.473327877598964,0.30263638373737267
0.506686058351696,0.6153317703359429,0.0,0.558718531799326,0.5765944994578511,0.5412423988580497,0.29833815586814394,0.0,0.616500162162603,0.5740245189449804,0.0,0.0,0.0,0.0,0.0
0.4601062689082746,0.544050886024838,0.0,0.6684917902486083,0.6182423295219672,0.444060392276942,0.4549920980462465,0.0,0.47088432652304335,0.4379393546896756,0.0,0.0,0.0,0.0,0.0
0.7826690357230384,0.6153317703359429,0.8311864869069344,0.872757453792971,0.5758823802313859,0.762333432916029,0.5825230755314831,0.5953977647946121,0.6991060899003816,0.7381679967145913,0.6326608677780794,0.640733149773089,0.7197127084318911,0.5461712317749507,0.9099264379040639
0.3997684021488455,0.4460923466303003,0.0,0.6107630226929449,0.7344562157459704,0.374210190137252,0.38187483648989684,0.0,0.43263898622835856,0.5776101607600113,0.0,0.0,0.0,0.0,0.0
0.3096463074024022,0.29551261817153907,0.0,0.6972916540875488,0.0,0.09900003421466663,0.526137853477663,0.0,0.17460611659589598,0.8613043812309717,0.0,0.0,0.0,0.0,0.0
0.4601062689082746,0.29551261817153907,0.45566495131530393,0.5674871435743479,0.3204654528826327,0.5733894842086343,0.5181546462449875,0.2874395580329576,0.5610980717695321,0.29587198542216153,0.8626708211258668,0.8848478618892393,0.1878218526815655,0.5570574253470182,0.30263638373737267
0.7676777553453626,0.928885384223006,1.0,0.602915952855255,0.5818192935969705,0.7599562656344111,0.7836344002938942,0.9396705150060516,0.6201519166634499,1.0,0.2663943597954521,0.6406601551120731,0.7243452449137787,0.8615016797838299,0.9099264379040639
0.506686058351696,0.29551261817153907,0.5050822800776785,0.6377163313753832,0.0,0.7808472953834171,0.9917994237426739,0.2675331365719461,0.5240738700961197,0.5573857945748933,0.27008940343913956,0.848509375940268,0.11843256710341299,0.5038622917272129,0.4491040871498052
0.3997684021488455,0.4460923466303003,0.8092828406713564,0.6690131555566381,0.0,0.5434471996634872,0.7361989999093981,1.0,0.4702140491126203,0.8833022467981282,0.33192557607518514,0.3581177240814568,0.8786328524551341,0.6818416928767399,0.757473356796403
0.5451233187402219,0.6706946317860978,0.48137654106635236,0.5782418471558686,0.0753857423563406,0.772315313332301,0.22154017497774514,0.208313756477456,0.8936498618226398,0.5452332290289925,0.24776379358468342,1.0,0.06375497759760818,0.5994537974901611,0.30263638373737267
